xp; xp_val; conf; conf_val
AUXDISPLAY; y; AUXDISPLAY; y
KS0108; y; KS0108; y
KS0108_DELAY; 2; KS0108_DELAY; 2
W1; y; W1; y
HAS_IOMEM; y; HAS_IOMEM; y
POWER_SUPPLY; y; POWER_SUPPLY; y
COMPILE_TEST; y; COMPILE_TEST; y
I2C; y; I2C; y
NET; y; NET; y
TTY; y; TTY; y
MMC; y; MMC; y
MEDIA_CAMERA_SUPPORT; y; MEDIA_CAMERA_SUPPORT; y
USB; y; USB; y
MEDIA_USB_SUPPORT; y; MEDIA_USB_SUPPORT; y
VIDEO_V4L2; y; VIDEO_V4L2; y
MEDIA_SUPPORT; y; MEDIA_SUPPORT; y
X86_64; y; X86_64; y
HAVE_IRQ_EXIT_ON_IRQ_STACK; y; HAVE_IRQ_EXIT_ON_IRQ_STACK; y
X86; y; X86; y
VIDEO_DEV; y; VIDEO_DEV; y
NETDEVICES; y; NETDEVICES; y
WAN; y; WAN; y
XEN; y; XEN; y
NET_SCHED; y; NET_SCHED; y
ISDN_CAPI; y; ISDN_CAPI; y
ISDN; y; ISDN; y
USB_SUPPORT; y; USB_SUPPORT; y
USB_GADGET; y; USB_GADGET; y
USB_CONFIGFS; y; USB_CONFIGFS; y
INFINIBAND; y; INFINIBAND; y
64BIT; y; 64BIT; y
NET_VENDOR_QLOGIC; y; NET_VENDOR_QLOGIC; y
ETHERNET; y; ETHERNET; y
HAVE_ARCH_KGDB; y; HAVE_ARCH_KGDB; y
NETFILTER_XTABLES; y; NETFILTER_XTABLES; y
NETFILTER; y; NETFILTER; y
INET; y; INET; y
NF_CONNTRACK; y; NF_CONNTRACK; y
NETFILTER_ADVANCED; y; NETFILTER_ADVANCED; y
RC_CORE; y; RC_CORE; y
RC_DEVICES; y; RC_DEVICES; y
RADIO_ADAPTERS; y; RADIO_ADAPTERS; y
RADIO_RTRACK2_PORT; 30c; ; 
THREAD_INFO_IN_TASK; y; THREAD_INFO_IN_TASK; y
PCI_MSI; y; PCI_MSI; y
MEDIA_PCI_SUPPORT; y; MEDIA_PCI_SUPPORT; y
PCI; y; PCI; y
MEDIA_DIGITAL_TV_SUPPORT; y; MEDIA_DIGITAL_TV_SUPPORT; y
IIO; y; IIO; y
SPI_MASTER; y; SPI_MASTER; y
USB_SERIAL_IPW; y; USB_SERIAL_IPW; y
USB_SERIAL; y; USB_SERIAL; y
SND_SOC_MAX9860; y; SND_SOC_MAX9860; y
SND_SOC; y; SND_SOC; y
SND; y; SND; y
SOUND; y; SOUND; y
SND_SOC_ALL_CODECS; y; SND_SOC_ALL_CODECS; y
SPI; y; SPI; y
DVB_USB_EC168; y; DVB_USB_EC168; y
DVB_USB_V2; y; DVB_USB_V2; y
BACKLIGHT_GENERIC; y; BACKLIGHT_GENERIC; y
BACKLIGHT_CLASS_DEVICE; y; BACKLIGHT_CLASS_DEVICE; y
BACKLIGHT_LCD_SUPPORT; y; BACKLIGHT_LCD_SUPPORT; y
WLAN; y; WLAN; y
B43; y; B43; y
WLAN_VENDOR_BROADCOM; y; WLAN_VENDOR_BROADCOM; y
MSNDPIN_IDE_IRQ; 1; ; 
CRYPTO; y; CRYPTO; y
MTD; y; MTD; y
NF_TABLES; y; NF_TABLES; y
NF_NAT; y; NF_NAT; y
NF_NAT_IPV6; y; NF_NAT_IPV6; y
NF_DEFRAG_IPV6; y; NF_DEFRAG_IPV6; y
MPLS; y; MPLS; y
HWMON; y; HWMON; y
HAVE_KERNEL_BZIP2; y; HAVE_KERNEL_BZIP2; y
HAVE_PERF_REGS; y; HAVE_PERF_REGS; y
FONT_SUPPORT; y; FONT_SUPPORT; y
FB; y; FB; y
USB_EHCI_HCD; y; USB_EHCI_HCD; y
VT; y; VT; y
HAS_DMA; y; HAS_DMA; y
VIDEO_SOLO6X10; y; VIDEO_SOLO6X10; y
EARLY_PRINTK; y; EARLY_PRINTK; y
V4L_TEST_DRIVERS; y; V4L_TEST_DRIVERS; y
SERIAL_ALTERA_UART; y; SERIAL_ALTERA_UART; y
SERIAL_ALTERA_UART_MAXPORTS; 1; SERIAL_ALTERA_UART_MAXPORTS; 1
STAGING; y; STAGING; y
CAN; y; CAN; y
CAN_DEV; y; CAN_DEV; y
SND_SOC_INTEL_BYT_CHT_NOCODEC_MACH; y; SND_SOC_INTEL_BYT_CHT_NOCODEC_MACH; y
ACPI; y; ACPI; y
X86_INTEL_LPSS; y; X86_INTEL_LPSS; y
TWL4030_CORE; y; TWL4030_CORE; y
GPIOLIB; y; GPIOLIB; y
INPUT; y; INPUT; y
DCA; y; DCA; y
IXGBE; y; IXGBE; y
NET_VENDOR_INTEL; y; NET_VENDOR_INTEL; y
COMEDI; y; COMEDI; y
X86_PLATFORM_DEVICES; y; X86_PLATFORM_DEVICES; y
DEBUG_KERNEL; y; DEBUG_KERNEL; y
TRACE_IRQFLAGS_SUPPORT; y; TRACE_IRQFLAGS_SUPPORT; y
INPUT_MOUSEDEV_SCREEN_Y; 0; ; 
DMI; y; DMI; y
LEDS_CLASS; y; LEDS_CLASS; y
NEW_LEDS; y; NEW_LEDS; y
NET_CLS_FLOW; y; NET_CLS_FLOW; y
NET_CLS; y; NET_CLS; y
NET_CLS_RSVP6; y; NET_CLS_RSVP6; y
COMMON_CLK; y; COMMON_CLK; y
X86_INTEL_MID; y; X86_INTEL_MID; y
X86_IO_APIC; y; X86_IO_APIC; y
X86_EXTENDED_PLATFORM; y; X86_EXTENDED_PLATFORM; y
INTEL_SCU_IPC; y; INTEL_SCU_IPC; y
FB_TFT; y; FB_TFT; y
MFD_ATMEL_HLCDC; y; MFD_ATMEL_HLCDC; y
PWM; y; PWM; y
HAVE_CLK; y; HAVE_CLK; y
SSB_POSSIBLE; y; SSB_POSSIBLE; y
PINCTRL; y; PINCTRL; y
PINCTRL_BAYTRAIL; y; PINCTRL_BAYTRAIL; y
SPMI; y; SPMI; y
MFD_RK808; y; MFD_RK808; y
OF; y; OF; y
OF_GPIO; y; OF_GPIO; y
PINCTRL_MTK; y; PINCTRL_MTK; y
PINCTRL_BCM281XX; y; PINCTRL_BCM281XX; y
PINCTRL_MSM; y; PINCTRL_MSM; y
PINCTRL_INTEL; y; PINCTRL_INTEL; y
GENERIC_PINCONF; y; GENERIC_PINCONF; y
PINCTRL_QCOM_SPMI_PMIC; y; PINCTRL_QCOM_SPMI_PMIC; y
TWL6040_CORE; y; TWL6040_CORE; y
CPU_SUP_AMD; y; CPU_SUP_AMD; y
SCSI_LOWLEVEL; y; SCSI_LOWLEVEL; y
SCSI; y; SCSI; y
NVME_FC; y; NVME_FC; y
LIBFC; y; LIBFC; y
TARGET_CORE; y; TARGET_CORE; y
SCSI_FC_ATTRS; y; SCSI_FC_ATTRS; y
WATCHDOG; y; WATCHDOG; y
V4L_MEM2MEM_DRIVERS; y; V4L_MEM2MEM_DRIVERS; y
SND_SOC_TEGRA; y; SND_SOC_TEGRA; y
RADIO_SHARK; y; RADIO_SHARK; y
HID_SENSOR_HUB; y; HID_SENSOR_HUB; y
HAVE_CC_STACKPROTECTOR; y; HAVE_CC_STACKPROTECTOR; y
TCP_CONG_ADVANCED; y; TCP_CONG_ADVANCED; y
PROC_FS; y; PROC_FS; y
NFC_NCI; y; NFC_NCI; y
NLS; y; NLS; y
PCMCIA; y; PCMCIA; y
SND_PCI; y; SND_PCI; y
BLK_DEV_DM; y; BLK_DEV_DM; y
MD; y; MD; y
MEDIA_TUNER_SI2157; y; MEDIA_TUNER_SI2157; y
MEDIA_SDR_SUPPORT; y; MEDIA_SDR_SUPPORT; y
MEDIA_RADIO_SUPPORT; y; MEDIA_RADIO_SUPPORT; y
MEDIA_SUBDRV_AUTOSELECT; y; MEDIA_SUBDRV_AUTOSELECT; y
MEDIA_ANALOG_TV_SUPPORT; y; MEDIA_ANALOG_TV_SUPPORT; y
DVB_CORE; y; DVB_CORE; y
I2C_MUX; y; I2C_MUX; y
VIDEO_EM28XX; y; VIDEO_EM28XX; y
VIDEO_CX23885; y; VIDEO_CX23885; y
DVB_USB; y; DVB_USB; y
DVB_USB_RTL28XXU; y; DVB_USB_RTL28XXU; y
VGACON_SOFT_SCROLLBACK_SIZE; 64; ; 
I2C_DESIGNWARE_PLATFORM; y; I2C_DESIGNWARE_PLATFORM; y
INTEL_SOC_PMIC; y; INTEL_SOC_PMIC; y
MEDIA_TUNER_MT2063; y; MEDIA_TUNER_MT2063; y
DVB_USB_AZ6007; y; DVB_USB_AZ6007; y
FB_RADEON; y; FB_RADEON; y
MISC_FILESYSTEMS; y; MISC_FILESYSTEMS; y
NET_VENDOR_DEC; y; NET_VENDOR_DEC; y
NET_TULIP; y; NET_TULIP; y
DMADEVICES; y; DMADEVICES; y
MEDIA_CEC_SUPPORT; y; MEDIA_CEC_SUPPORT; y
TTPCI_EEPROM; y; TTPCI_EEPROM; y
DVB_BUDGET_CORE; y; DVB_BUDGET_CORE; y
DVB_USB_PCTV452E; y; DVB_USB_PCTV452E; y
DVB_AV7110; y; DVB_AV7110; y
DVB_AU8522; y; DVB_AU8522; y
DVB_AU8522_DTV; y; DVB_AU8522_DTV; y
SND_SOC_AK4613; y; SND_SOC_AK4613; y
NET_SCH_DEFAULT; y; NET_SCH_DEFAULT; y
VIDEO_MUX; y; VIDEO_MUX; y
MEDIA_CONTROLLER; y; MEDIA_CONTROLLER; y
VIDEO_V4L2_SUBDEV_API; y; VIDEO_V4L2_SUBDEV_API; y
V4L_PLATFORM_DRIVERS; y; V4L_PLATFORM_DRIVERS; y
MTD_CFI_GEOMETRY; y; MTD_CFI_GEOMETRY; y
MTD_MAP_BANK_WIDTH_4; y; MTD_MAP_BANK_WIDTH_4; y
WLAN_VENDOR_ATH; y; WLAN_VENDOR_ATH; y
DEBUG_FS; y; DEBUG_FS; y
DM_VERITY; y; DM_VERITY; y
PARPORT; y; PARPORT; y
IP_NF_IPTABLES; y; IP_NF_IPTABLES; y
VIRT_TO_BUS; y; VIRT_TO_BUS; y
EVENTFD; y; EVENTFD; y
NET_CORE; y; NET_CORE; y
BLOCK; y; BLOCK; y
IOSCHED_NOOP; y; IOSCHED_NOOP; y
SND_SOC_TEGRA_TRIMSLICE; y; SND_SOC_TEGRA_TRIMSLICE; y
INPUT_TOUCHSCREEN; y; INPUT_TOUCHSCREEN; y
RAPIDIO; y; RAPIDIO; y
ASYNC_TX_ENABLE_CHANNEL_SWITCH; y; ASYNC_TX_ENABLE_CHANNEL_SWITCH; y
MV_XOR; y; MV_XOR; y
CFG80211; y; CFG80211; y
IMA_DEFAULT_HASH; ""; ; 
PHYLIB; y; PHYLIB; y
IO_DELAY_TYPE_NONE; 1; IO_DELAY_TYPE_NONE; 3
MTD_NAND; y; MTD_NAND; y
L2TP; y; L2TP; y
DVB_USB_ANYSEE; y; DVB_USB_ANYSEE; y
EXTCON; y; EXTCON; y
VIDEO_PVRUSB2; y; VIDEO_PVRUSB2; y
VIDEO_PVRUSB2_DVB; y; VIDEO_PVRUSB2_DVB; y
CRYPTO_MANAGER2; y; CRYPTO_MANAGER2; y
CRYPTO_MANAGER; y; CRYPTO_MANAGER; y
CRYPTO_ALGAPI; y; CRYPTO_ALGAPI; y
SND_SIMPLE_SCU_CARD; y; SND_SIMPLE_SCU_CARD; y
CRYPTO_DH; y; CRYPTO_DH; y
KEYS; y; KEYS; y
CRYPTO_DEV_QAT; y; CRYPTO_DEV_QAT; y
CRYPTO_HW; y; CRYPTO_HW; y
WLAN_VENDOR_INTEL; y; WLAN_VENDOR_INTEL; y
IR_IMON; y; IR_IMON; y
INPUT_MISC; y; INPUT_MISC; y
USB_ARCH_HAS_HCD; y; USB_ARCH_HAS_HCD; y
INPUT_MOUSE; y; INPUT_MOUSE; y
DRM; y; DRM; y
DRM_UDL; y; DRM_UDL; y
HID; y; HID; y
MSNDPIN_IO; 290; ; 
NVME_CORE; y; NVME_CORE; y
NVME_TARGET_FC; y; NVME_TARGET_FC; y
NVME_TARGET; y; NVME_TARGET; y
NVME_TARGET_FCLOOP; y; NVME_TARGET_FCLOOP; y
APB_TIMER; y; APB_TIMER; y
SFI; y; SFI; y
RT2X00; y; RT2X00; y
WLAN_VENDOR_RALINK; y; WLAN_VENDOR_RALINK; y
RT2800PCI; y; RT2800PCI; y
IOMMU_SUPPORT; y; IOMMU_SUPPORT; y
SCSI_SMARTPQI; y; SCSI_SMARTPQI; y
IPV6; y; IPV6; y
SYSFS; y; SYSFS; y
SND_SOC_ROCKCHIP_I2S; y; SND_SOC_ROCKCHIP_I2S; y
CLKDEV_LOOKUP; y; CLKDEV_LOOKUP; y
SND_SOC_ROCKCHIP; y; SND_SOC_ROCKCHIP; y
SND_SOC_RK3399_GRU_SOUND; y; SND_SOC_RK3399_GRU_SOUND; y
SND_SOC_RK3288_HDMI_ANALOG; y; SND_SOC_RK3288_HDMI_ANALOG; y
VIDEO_MT9M032; y; VIDEO_MT9M032; y
NEED_PER_CPU_KM; y; NEED_PER_CPU_KM; y
TRACING_SUPPORT; y; TRACING_SUPPORT; y
SERIAL_SH_SCI; y; SERIAL_SH_SCI; y
FUTEX; y; FUTEX; y
RT_MUTEXES; y; RT_MUTEXES; y
FUTEX_PI; y; FUTEX_PI; y
USB_STORAGE; y; USB_STORAGE; y
X86_DEV_DMA_OPS; y; X86_DEV_DMA_OPS; y
X86_VSYSCALL_EMULATION; y; X86_VSYSCALL_EMULATION; y
DMA_ENGINE; y; DMA_ENGINE; y
INTEL_IOATDMA; y; INTEL_IOATDMA; y
DMA_ENGINE_RAID; y; DMA_ENGINE_RAID; y
SND_SOC_WM8971; y; SND_SOC_WM8971; y
VLAN_8021Q; y; VLAN_8021Q; y
DEFAULT_SECURITY_DAC; y; DEFAULT_SECURITY_DAC; y
HAVE_ARCH_WITHIN_STACK_FRAMES; y; HAVE_ARCH_WITHIN_STACK_FRAMES; y
FB_SSD1307; y; FB_SSD1307; y
PANEL_PROFILE; 1; PANEL_PROFILE; 1
PANEL_LCD; 1; ; 
PANEL; y; PANEL; y
PANEL_LCD_BWIDTH; 1; ; 
DRM_KMS_HELPER; y; DRM_KMS_HELPER; y
HIBERNATE_CALLBACKS; y; HIBERNATE_CALLBACKS; y
PM_SLEEP; y; PM_SLEEP; y
SND_SEQUENCER; y; SND_SEQUENCER; y
IP6_NF_NAT; y; IP6_NF_NAT; y
IP6_NF_IPTABLES; y; IP6_NF_IPTABLES; y
RESET_CONTROLLER; y; RESET_CONTROLLER; y
SND_AUDIO_GRAPH_CARD; y; SND_AUDIO_GRAPH_CARD; y
SERIO; y; SERIO; y
COMEDI_NI_LABPC_PCI; y; COMEDI_NI_LABPC_PCI; y
COMEDI_PCI_DRIVERS; y; COMEDI_PCI_DRIVERS; y
DVB_MB86A16; y; DVB_MB86A16; y
DVB_MANTIS; y; DVB_MANTIS; y
MANTIS_CORE; y; MANTIS_CORE; y
MTD_CFI; y; MTD_CFI; y
PANEL_LCD_WIDTH; 1; ; 
GENERIC_CLOCKEVENTS; y; GENERIC_CLOCKEVENTS; y
MAC80211; y; MAC80211; y
ISO9660_FS; y; ISO9660_FS; y
ZISOFS; y; ZISOFS; y
VIDEO_CX88_DVB; y; VIDEO_CX88_DVB; y
USER_STACKTRACE_SUPPORT; y; USER_STACKTRACE_SUPPORT; y
DVB_STV090x; y; DVB_STV090x; y
FB_UDL; y; FB_UDL; y
MMU; y; MMU; y
HID_PICOLCD; y; HID_PICOLCD; y
HID_PICOLCD_FB; y; HID_PICOLCD_FB; y
FB_METRONOME; y; FB_METRONOME; y
XEN_FBDEV_FRONTEND; y; XEN_FBDEV_FRONTEND; y
FB_DEFERRED_IO; y; FB_DEFERRED_IO; y
FB_SMSCUFX; y; FB_SMSCUFX; y
SND_SOC_ADAU1781; y; SND_SOC_ADAU1781; y
SND_SOC_ADAU1781_SPI; y; SND_SOC_ADAU1781_SPI; y
SND_SOC_ADAU1781_I2C; y; SND_SOC_ADAU1781_I2C; y
XFRM; y; XFRM; y
HAVE_MMIOTRACE_SUPPORT; y; HAVE_MMIOTRACE_SUPPORT; y
MDIO_BUS_MUX_MMIOREG; y; MDIO_BUS_MUX_MMIOREG; y
OF_MDIO; y; OF_MDIO; y
MDIO_BUS; y; MDIO_BUS; y
MOUSE_ELAN_I2C; y; MOUSE_ELAN_I2C; y
SND_SOC_WM8728; y; SND_SOC_WM8728; y
SND_SOC_I2C_AND_SPI; y; SND_SOC_I2C_AND_SPI; y
PARPORT_PC; y; PARPORT_PC; y
ARCH_MIGHT_HAVE_PC_PARPORT; y; ARCH_MIGHT_HAVE_PC_PARPORT; y
PCCARD; y; PCCARD; y
IIO_BUFFER; y; IIO_BUFFER; y
IIO_TRIGGERED_BUFFER; y; IIO_TRIGGERED_BUFFER; y
HID_SENSOR_IIO_COMMON; y; HID_SENSOR_IIO_COMMON; y
ADE7758; y; ADE7758; y
HID_SENSOR_IIO_TRIGGER; y; HID_SENSOR_IIO_TRIGGER; y
IIO_TRIGGER; y; IIO_TRIGGER; y
FB_TRIDENT; y; FB_TRIDENT; y
BCMA; y; BCMA; y
BCMA_HOST_PCI_POSSIBLE; y; BCMA_HOST_PCI_POSSIBLE; y
VIDEOBUF2_CORE; y; VIDEOBUF2_CORE; y
VIDEOBUF2_DMA_SG; y; VIDEOBUF2_DMA_SG; y
VIDEOBUF2_DMA_CONTIG; y; VIDEOBUF2_DMA_CONTIG; y
VIDEOBUF2_DVB; y; VIDEOBUF2_DVB; y
VIDEOBUF2_VMALLOC; y; VIDEOBUF2_VMALLOC; y
IOSCHED_CFQ; y; IOSCHED_CFQ; y
CRYPTO_DEV_QAT_C62X; y; CRYPTO_DEV_QAT_C62X; y
WIRELESS; y; WIRELESS; y
SERIAL_8250_NR_UARTS; 1; ; 
DRM_VBOXVIDEO; y; DRM_VBOXVIDEO; y
SND_BFIN_AD73311_SE; 4; ; 
FB_OMAP2_DSS_MIN_FCK_PER_PCK; 1; ; 
MAC80211_DEBUG_MENU; y; MAC80211_DEBUG_MENU; y
CRYPTO_SHA1; y; CRYPTO_SHA1; y
AD7298; y; AD7298; y
PINCTRL_MT2701; y; PINCTRL_MT2701; y
VIDEO_TDA7432; y; VIDEO_TDA7432; y
PINCTRL_MT8135; y; PINCTRL_MT8135; y
NF_LOG_NETDEV; y; NF_LOG_NETDEV; y
LEDS_TRIGGERS; y; LEDS_TRIGGERS; y
STACKTRACE_SUPPORT; y; STACKTRACE_SUPPORT; y
DVB_TUNER_DIB0070; y; DVB_TUNER_DIB0070; y
DVB_USB_DIB0700; y; DVB_USB_DIB0700; y
REGMAP; y; REGMAP; y
SND_SOC_TEGRA20_SPDIF; y; SND_SOC_TEGRA20_SPDIF; y
HAVE_FENTRY; y; HAVE_FENTRY; y
INITRAMFS_SOURCE; ""; ; 
INITRAMFS_ROOT_GID; 1; ; 
BT_HCIUART; y; BT_HCIUART; y
BT; y; BT; y
PM; y; PM; y
BT_HCIUART_QCA; y; BT_HCIUART_QCA; y
BT_HCIUART_H4; y; BT_HCIUART_H4; y
BT_HCIUART_INTEL; y; BT_HCIUART_INTEL; y
NETFILTER_NETLINK_LOG; y; NETFILTER_NETLINK_LOG; y
WLAN_VENDOR_INTERSIL; y; WLAN_VENDOR_INTERSIL; y
ARCH_HAS_DEBUG_VIRTUAL; y; ARCH_HAS_DEBUG_VIRTUAL; y
SND_SOC_INTEL_BYT_CHT_DA7213_MACH; y; SND_SOC_INTEL_BYT_CHT_DA7213_MACH; y
SND_SOC_CS4271_I2C; y; SND_SOC_CS4271_I2C; y
PRINTK; y; PRINTK; y
LOG_CPU_MAX_BUF_SHIFT; 1; ; 
FB_OMAP2_NUM_FBS; 0; ; 
HAVE_KERNEL_LZO; y; HAVE_KERNEL_LZO; y
KERNEL_LZO; y; KERNEL_LZO; y
SECURITY_TOMOYO_ACTIVATION_TRIGGER; ""; ; 
SND_SOC_LITTLEMILL; y; SND_SOC_LITTLEMILL; y
SND_SOC_SAMSUNG; y; SND_SOC_SAMSUNG; y
MAY_USE_DEVLINK; y; MAY_USE_DEVLINK; y
DCB; y; DCB; y
LIBFCOE; y; LIBFCOE; y
NET_VENDOR_BROADCOM; y; NET_VENDOR_BROADCOM; y
INFINIBAND_BNXT_RE; y; INFINIBAND_BNXT_RE; y
SYSTEM_TRUSTED_KEYS; ""; ; 
NAMESPACES; y; NAMESPACES; y
GENERIC_CPU_AUTOPROBE; y; GENERIC_CPU_AUTOPROBE; y
DM_BUFIO; y; DM_BUFIO; y
GENERIC_CMOS_UPDATE; y; GENERIC_CMOS_UPDATE; y
TOUCHSCREEN_WM97XX; y; TOUCHSCREEN_WM97XX; y
PNP; y; PNP; y
MESSAGE_LOGLEVEL_DEFAULT; 1; MESSAGE_LOGLEVEL_DEFAULT; 1
OF_IRQ; y; OF_IRQ; y
OF_ADDRESS; y; OF_ADDRESS; y
MULTIPLEXER; y; MULTIPLEXER; y
SND_HDA; y; SND_HDA; y
USB_NET_DRIVERS; y; USB_NET_DRIVERS; y
USB_USBNET; y; USB_USBNET; y
CHARLCD; y; CHARLCD; y
SERIAL_SC16IS7XX; y; SERIAL_SC16IS7XX; y
SND_FIREWIRE; y; SND_FIREWIRE; y
FIREWIRE; y; FIREWIRE; y
CPU_SUP_INTEL; y; CPU_SUP_INTEL; y
IBM_EMAC_RX_SKB_HEADROOM; 0; ; 
PHYS_ADDR_T_64BIT; y; PHYS_ADDR_T_64BIT; y
ARCH_HAS_PMEM_API; y; ARCH_HAS_PMEM_API; y
NF_CONNTRACK_IPV6; y; NF_CONNTRACK_IPV6; y
SWPHY; y; SWPHY; y
FIXED_PHY; y; FIXED_PHY; y
WLAN_VENDOR_CISCO; y; WLAN_VENDOR_CISCO; y
KS7010; y; KS7010; y
ISA_DMA_API; y; ISA_DMA_API; y
PRISM54; y; PRISM54; y
AIRO; y; AIRO; y
WIRELESS_EXT; y; WIRELESS_EXT; y
R8712U; y; R8712U; y
DVB_DRX39XYJ; y; DVB_DRX39XYJ; y
IP_NF_ARPTABLES; y; IP_NF_ARPTABLES; y
SND_OPL3_LIB_SEQ; y; SND_OPL3_LIB_SEQ; y
SND_OPL3_LIB; y; SND_OPL3_LIB; y
HAVE_ARCH_MMAP_RND_BITS; y; HAVE_ARCH_MMAP_RND_BITS; y
ARCH_MMAP_RND_BITS; 0; ARCH_MMAP_RND_BITS; 28
ARCH_MMAP_RND_BITS_MIN; 1; ARCH_MMAP_RND_BITS_MIN; 28
NFT_NAT; y; NFT_NAT; y
COMEDI_ISA_DRIVERS; y; COMEDI_ISA_DRIVERS; y
AC97_BUS; y; AC97_BUS; y
SYSCTL_EXCEPTION_TRACE; y; SYSCTL_EXCEPTION_TRACE; y
SND_SOC_WM8737; y; SND_SOC_WM8737; y
HAVE_REGS_AND_STACK_ACCESS_API; y; HAVE_REGS_AND_STACK_ACCESS_API; y
ARCH_SUPPORTS_UPROBES; y; ARCH_SUPPORTS_UPROBES; y
PERF_EVENTS; y; PERF_EVENTS; y
PM_STD_PARTITION; ""; ; 
USB_SERIAL_KEYSPAN; y; USB_SERIAL_KEYSPAN; y
USB_F_SUBSET; y; USB_F_SUBSET; y
USB_CONFIGFS_ECM_SUBSET; y; USB_CONFIGFS_ECM_SUBSET; y
VIDEO_TUNER; y; VIDEO_TUNER; y
VIDEO_CX18; y; VIDEO_CX18; y
VIDEO_SAA7134; y; VIDEO_SAA7134; y
VIDEO_GO7007; y; VIDEO_GO7007; y
VIDEO_CX88; y; VIDEO_CX88; y
VIDEO_IVTV; y; VIDEO_IVTV; y
VIDEO_SAA7164; y; VIDEO_SAA7164; y
HAVE_ARCH_KASAN; y; HAVE_ARCH_KASAN; y
NOP_USB_XCEIV; y; NOP_USB_XCEIV; y
COMEDI_DEFAULT_BUF_SIZE_KB; 2048; COMEDI_DEFAULT_BUF_SIZE_KB; 2048
MEMORY_HOTPLUG; y; MEMORY_HOTPLUG; y
HAVE_KERNEL_GZIP; y; HAVE_KERNEL_GZIP; y
MULTIUSER; y; MULTIUSER; y
HAVE_KVM; y; HAVE_KVM; y
X86_LOCAL_APIC; y; X86_LOCAL_APIC; y
VIDEOBUF2_MEMOPS; y; VIDEOBUF2_MEMOPS; y
FRAME_VECTOR; y; FRAME_VECTOR; y
SND_SOC_INTEL_BYT_CHT_ES8316_MACH; y; SND_SOC_INTEL_BYT_CHT_ES8316_MACH; y
STANDALONE; y; STANDALONE; y
SERIO_SERPORT; y; SERIO_SERPORT; y
I2C_TAOS_EVM; y; I2C_TAOS_EVM; y
MEDIA_TUNER_XC2028; y; MEDIA_TUNER_XC2028; y
MEDIA_TUNER; y; MEDIA_TUNER; y
SND_SOC_CS35L34; y; SND_SOC_CS35L34; y
X86_INTERNODE_CACHE_SHIFT; 0; X86_INTERNODE_CACHE_SHIFT; 6
GENERIC_CPU; y; GENERIC_CPU; y
COMEDI_PCMCIA_DRIVERS; y; COMEDI_PCMCIA_DRIVERS; y
IRQ_DOMAIN_HIERARCHY; y; IRQ_DOMAIN_HIERARCHY; y
GENERIC_MSI_IRQ_DOMAIN; y; GENERIC_MSI_IRQ_DOMAIN; y
GENERIC_CALIBRATE_DELAY; y; GENERIC_CALIBRATE_DELAY; y
CEC_PLATFORM_DRIVERS; y; CEC_PLATFORM_DRIVERS; y
MTD_UBI; y; MTD_UBI; y
UBIFS_FS; y; UBIFS_FS; y
PARTITION_ADVANCED; y; PARTITION_ADVANCED; y
VIDEO_IR_I2C; y; VIDEO_IR_I2C; y
IMA_DEFAULT_TEMPLATE; "ima-ng"; ; 
UNISYSSPAR; y; UNISYSSPAR; y
FILE_LOCKING; y; FILE_LOCKING; y
KALLSYMS; y; KALLSYMS; y
MEDIA_TUNER_QM1D1C0042; y; MEDIA_TUNER_QM1D1C0042; y
DVB_PT3; y; DVB_PT3; y
MFD_INTEL_MSIC; y; MFD_INTEL_MSIC; y
DRM_BRIDGE; y; DRM_BRIDGE; y
BITREVERSE; y; BITREVERSE; y
BCMA_POSSIBLE; y; BCMA_POSSIBLE; y
BMP280; y; BMP280; y
HAVE_NET_DSA; y; HAVE_NET_DSA; y
MPILIB; y; MPILIB; y
ASYMMETRIC_KEY_TYPE; y; ASYMMETRIC_KEY_TYPE; y
ASYMMETRIC_PUBLIC_KEY_SUBTYPE; y; ASYMMETRIC_PUBLIC_KEY_SUBTYPE; y
CRYPTO_RSA; y; CRYPTO_RSA; y
IDE; y; IDE; y
SND_SOC_TEGRA_WM8903; y; SND_SOC_TEGRA_WM8903; y
ARCH_SPARSEMEM_ENABLE; y; ARCH_SPARSEMEM_ENABLE; y
ARCH_SELECT_MEMORY_MODEL; y; ARCH_SELECT_MEMORY_MODEL; y
VIDEO_ZORAN; y; VIDEO_ZORAN; y
MFD_CORE; y; MFD_CORE; y
GENERIC_IRQ_CHIP; y; GENERIC_IRQ_CHIP; y
IRQ_DOMAIN; y; IRQ_DOMAIN; y
REGMAP_IRQ; y; REGMAP_IRQ; y
ABX500_CORE; y; ABX500_CORE; y
GPIO_MPC8XXX; y; GPIO_MPC8XXX; y
GPIOLIB_IRQCHIP; y; GPIOLIB_IRQCHIP; y
MFD_LP8788; y; MFD_LP8788; y
SND_SB_COMMON; y; SND_SB_COMMON; y
SND_ALS4000; y; SND_ALS4000; y
UBIFS_FS_ADVANCED_COMPR; y; UBIFS_FS_ADVANCED_COMPR; y
BT_QCA; y; BT_QCA; y
SND_HDA_CODEC_CA0132; y; SND_HDA_CODEC_CA0132; y
AUDIT; y; AUDIT; y
DVB_SP8870; y; DVB_SP8870; y
SCSI_AIC94XX; y; SCSI_AIC94XX; y
RTL8188EE; y; RTL8188EE; y
RTL_CARDS; y; RTL_CARDS; y
WLAN_VENDOR_REALTEK; y; WLAN_VENDOR_REALTEK; y
OCFS2_FS; y; OCFS2_FS; y
MSNDPIN_IRQ; 0; ; 
SQUASHFS; y; SQUASHFS; y
SND_ES1968; y; SND_ES1968; y
ZONE_DMA; y; ZONE_DMA; y
HAVE_KPROBES; y; HAVE_KPROBES; y
HAVE_FUNCTION_TRACER; y; HAVE_FUNCTION_TRACER; y
LOCKDEP_SUPPORT; y; LOCKDEP_SUPPORT; y
HAVE_DEBUG_KMEMLEAK; y; HAVE_DEBUG_KMEMLEAK; y
HAVE_SYSCALL_TRACEPOINTS; y; HAVE_SYSCALL_TRACEPOINTS; y
HAVE_DEBUG_STACKOVERFLOW; y; HAVE_DEBUG_STACKOVERFLOW; y
INIT_ENV_ARG_LIMIT; 128; INIT_ENV_ARG_LIMIT; 32
HAVE_MEMBLOCK; y; HAVE_MEMBLOCK; y
ARCH_DMA_ADDR_T_64BIT; y; ARCH_DMA_ADDR_T_64BIT; y
SND_VIRMIDI; y; SND_VIRMIDI; y
SND_DRIVERS; y; SND_DRIVERS; y
ARCH_HAS_STRICT_MODULE_RWX; y; ARCH_HAS_STRICT_MODULE_RWX; y
SND_SOC_WM8990; y; SND_SOC_WM8990; y
I2C_BRCMSTB; y; I2C_BRCMSTB; y
MEDIA_TUNER_FC0011; y; MEDIA_TUNER_FC0011; y
DVB_USB_AF9035; y; DVB_USB_AF9035; y
ACPI_CUSTOM_DSDT_FILE; ""; ; 
SPARSEMEM; y; SPARSEMEM; y
SPARSEMEM_ALLOC_MEM_MAP_TOGETHER; y; SPARSEMEM_ALLOC_MEM_MAP_TOGETHER; y
MTD_MTDRAM; y; MTD_MTDRAM; y
MTDRAM_TOTAL_SIZE; 4096; MTDRAM_TOTAL_SIZE; 4096
NFC_HCI; y; NFC_HCI; y
NFC_SHDLC; y; NFC_SHDLC; y
LWTUNNEL; y; LWTUNNEL; y
LIBCRC32C; y; LIBCRC32C; y
BNXT; y; BNXT; y
DM_PERSISTENT_DATA; y; DM_PERSISTENT_DATA; y
BATMAN_ADV; y; BATMAN_ADV; y
BNX2X; y; BNX2X; y
SND_SOC_STA529; y; SND_SOC_STA529; y
IP_NF_MANGLE; y; IP_NF_MANGLE; y
PSS_BOOT_FILE; ""; ; 
CRYPTO_TWOFISH_X86_64; y; CRYPTO_TWOFISH_X86_64; y
CRYPTO_TWOFISH_X86_64_3WAY; y; CRYPTO_TWOFISH_X86_64_3WAY; y
CRYPTO_TWOFISH_AVX_X86_64; y; CRYPTO_TWOFISH_AVX_X86_64; y
ARCH_DEFCONFIG; "arch/x86/configs/x86_64_defconfig"; ARCH_DEFCONFIG; "arch/x86/configs/x86_64_defconfig"
MTD_PHYSMAP; y; MTD_PHYSMAP; y
MCB; y; MCB; y
SND_SOC_CS4265; y; SND_SOC_CS4265; y
MSNDPIN_INIT_FILE; ""; ; 
USB_GADGET_VBUS_DRAW; 500; USB_GADGET_VBUS_DRAW; 500
SCSI_AIC79XX; y; SCSI_AIC79XX; y
SND_SOC_WM8962; y; SND_SOC_WM8962; y
SND_IMX_SOC; y; SND_IMX_SOC; y
PCCARD_NONSTATIC; y; PCCARD_NONSTATIC; y
PD6729; y; PD6729; y
COREDUMP; y; COREDUMP; y
ELF_CORE; y; ELF_CORE; y
SND_DMA_SGBUF; y; SND_DMA_SGBUF; y
MYRI10GE; y; MYRI10GE; y
NET_VENDOR_MYRI; y; NET_VENDOR_MYRI; y
DEFCONFIG_LIST; "/etc/kernel-config"; ; 
FB_VIA; y; FB_VIA; y
CROSS_COMPILE; ""; CROSS_COMPILE; ""
ACPI_SYSTEM_POWER_STATES_SUPPORT; y; ACPI_SYSTEM_POWER_STATES_SUPPORT; y
PINMUX; y; PINMUX; y
RT2800_LIB_MMIO; y; RT2800_LIB_MMIO; y
FS_MBCACHE; y; FS_MBCACHE; y
EXT4_FS; y; EXT4_FS; y
SND_SOC_ALC5632; y; SND_SOC_ALC5632; y
FB_MB862XX; y; FB_MB862XX; y
IBM_EMAC_POLL_WEIGHT; 1; ; 
SELECT_MEMORY_MODEL; y; SELECT_MEMORY_MODEL; y
SND_SOC_ADAU1977; y; SND_SOC_ADAU1977; y
SND_SOC_ADAU1977_I2C; y; SND_SOC_ADAU1977_I2C; y
SND_SOC_ADAU1977_SPI; y; SND_SOC_ADAU1977_SPI; y
SND_SOC_PCM179X_I2C; y; SND_SOC_PCM179X_I2C; y
I2C_ALGOBIT; y; I2C_ALGOBIT; y
FB_GOLDFISH; y; FB_GOLDFISH; y
USB_XHCI_HCD; y; USB_XHCI_HCD; y
DVB_L64781; y; DVB_L64781; y
SND_SEQ_VIRMIDI; y; SND_SEQ_VIRMIDI; y
SND_EMU10K1_SEQ; y; SND_EMU10K1_SEQ; y
CLZ_TAB; y; CLZ_TAB; y
USB_SERIAL_WWAN; y; USB_SERIAL_WWAN; y
USB_SERIAL_QUALCOMM; y; USB_SERIAL_QUALCOMM; y
THINKPAD_ACPI; y; THINKPAD_ACPI; y
CRC_T10DIF; y; CRC_T10DIF; y
ARMV7M_SYSTICK; y; ARMV7M_SYSTICK; y
SND_AC97_CODEC; y; SND_AC97_CODEC; y
DE2104X; y; DE2104X; y
SND_SOC_INNO_RK3036; y; SND_SOC_INNO_RK3036; y
NET_IPGRE; y; NET_IPGRE; y
SND_SOC_AD73311; y; SND_SOC_AD73311; y
USBIP_CORE; y; USBIP_CORE; y
DVB_USB_DW2102; y; DVB_USB_DW2102; y
USB_XHCI_PLATFORM; y; USB_XHCI_PLATFORM; y
REGMAP_AC97; y; REGMAP_AC97; y
SND_SOC_WM9705; y; SND_SOC_WM9705; y
SND_SOC_AD1980; y; SND_SOC_AD1980; y
SND_SOC_WM9713; y; SND_SOC_WM9713; y
SND_SOC_WM9712; y; SND_SOC_WM9712; y
CRYPTO_GHASH; y; CRYPTO_GHASH; y
CRYPTO_GCM; y; CRYPTO_GCM; y
DVB_USB_ZD1301; y; DVB_USB_ZD1301; y
OMAP_MBOX_KFIFO_SIZE; 0; ; 
JBD2; y; JBD2; y
CONFIGFS_FS; y; CONFIGFS_FS; y
HAVE_DMA_API_DEBUG; y; HAVE_DMA_API_DEBUG; y
SND_AC97_POWER_SAVE_DEFAULT; 0; ; 
OF_PCI_IRQ; y; OF_PCI_IRQ; y
OF_PCI; y; OF_PCI; y
HAVE_ARCH_SECCOMP_FILTER; y; HAVE_ARCH_SECCOMP_FILTER; y
SND_SOC_INTEL_KBL_RT5663_MAX98927_MACH; y; SND_SOC_INTEL_KBL_RT5663_MAX98927_MACH; y
USB_CONFIGFS_F_UVC; y; USB_CONFIGFS_F_UVC; y
PARAVIRT; y; PARAVIRT; y
X86_TSC; y; X86_TSC; y
PARAVIRT_CLOCK; y; PARAVIRT_CLOCK; y
HYPERVISOR_GUEST; y; HYPERVISOR_GUEST; y
CC_OPTIMIZE_FOR_SIZE; y; CC_OPTIMIZE_FOR_SIZE; y
DVB_LGDT330X; y; DVB_LGDT330X; y
ARCH_SUSPEND_POSSIBLE; y; ARCH_SUSPEND_POSSIBLE; y
ARCH_HIBERNATION_POSSIBLE; y; ARCH_HIBERNATION_POSSIBLE; y
MTD_CFI_ADV_OPTIONS; y; MTD_CFI_ADV_OPTIONS; y
MTD_GEN_PROBE; y; MTD_GEN_PROBE; y
AIC79XX_DEBUG_MASK; 1; AIC79XX_DEBUG_MASK; 1
PCI_MSI_IRQ_DOMAIN; y; PCI_MSI_IRQ_DOMAIN; y
HID_PICOLCD_BACKLIGHT; y; HID_PICOLCD_BACKLIGHT; y
FIRMWARE_MEMMAP; y; FIRMWARE_MEMMAP; y
BCH; y; BCH; y
MTD_NAND_ECC_BCH; y; MTD_NAND_ECC_BCH; y
MTD_DOCG3; y; MTD_DOCG3; y
MTD_NAND_BCH; y; MTD_NAND_BCH; y
USB_LIBCOMPOSITE; y; USB_LIBCOMPOSITE; y
NET_VENDOR_SOLARFLARE; y; NET_VENDOR_SOLARFLARE; y
HAVE_ARCH_JUMP_LABEL; y; HAVE_ARCH_JUMP_LABEL; y
ISDN_DRV_GIGASET; y; ISDN_DRV_GIGASET; y
HAVE_RCU_TABLE_FREE; y; HAVE_RCU_TABLE_FREE; y
HAVE_RCU_TABLE_INVALIDATE; y; HAVE_RCU_TABLE_INVALIDATE; y
INET_DIAG; y; INET_DIAG; y
USB_CONFIGFS_EEM; y; USB_CONFIGFS_EEM; y
MFD_MC13XXX; y; MFD_MC13XXX; y
MFD_MC13XXX_I2C; y; MFD_MC13XXX_I2C; y
RADIO_SAA7706H; y; RADIO_SAA7706H; y
CS5535_MFGPT; y; CS5535_MFGPT; y
MFD_CS5535; y; MFD_CS5535; y
USBIP_VHCI_HCD; y; USBIP_VHCI_HCD; y
NF_CONNTRACK_MARK; y; NF_CONNTRACK_MARK; y
CMA; y; CMA; y
DMA_CMA; y; DMA_CMA; y
HAVE_DMA_CONTIGUOUS; y; HAVE_DMA_CONTIGUOUS; y
HW_CONSOLE; y; HW_CONSOLE; y
RTL8192SE; y; RTL8192SE; y
SND_SOC_TAS2552; y; SND_SOC_TAS2552; y
BQL; y; BQL; y
SND_SOC_NAU8810; y; SND_SOC_NAU8810; y
SND_SOC_LM4857; y; SND_SOC_LM4857; y
CMA_SIZE_SEL_MIN; y; CMA_SIZE_SEL_MIN; y
MSNDPIN_PERM_FILE; "/etc/sound/pndsperm.bin"; ; 
SERIAL_SAMSUNG_UARTS; 4; ; 
SND_SOC_ICS43432; y; SND_SOC_ICS43432; y
BGMAC; y; BGMAC; y
BGMAC_PLATFORM; y; BGMAC_PLATFORM; y
SLAB; y; SLAB; y
STACKDEPOT; y; STACKDEPOT; y
KASAN; y; KASAN; y
SND_SOC_PCM512x; y; SND_SOC_PCM512x; y
SND_SOC_PCM512x_SPI; y; SND_SOC_PCM512x_SPI; y
SND_SOC_PCM512x_I2C; y; SND_SOC_PCM512x_I2C; y
BLK_DEV_RAM_SIZE; 1; ; 
SND_SOC_AK4104; y; SND_SOC_AK4104; y
SND_SST_IPC_ACPI; y; SND_SST_IPC_ACPI; y
IOSF_MBI; y; IOSF_MBI; y
ARCH_SUPPORTS_MEMORY_FAILURE; y; ARCH_SUPPORTS_MEMORY_FAILURE; y
MEMORY_FAILURE; y; MEMORY_FAILURE; y
DVB_MT312; y; DVB_MT312; y
VIDEO_SAA7134_DVB; y; VIDEO_SAA7134_DVB; y
SND_EMU10K1; y; SND_EMU10K1; y
ARCH_ENABLE_MEMORY_HOTREMOVE; y; ARCH_ENABLE_MEMORY_HOTREMOVE; y
ATMEL_SSC; y; ATMEL_SSC; y
MTD_REDBOOT_DIRECTORY_BLOCK; 0; ; 
DVB_ISL6421; y; DVB_ISL6421; y
NETWORK_SECMARK; y; NETWORK_SECMARK; y
NET_VENDOR_SMSC; y; NET_VENDOR_SMSC; y
RAPIDIO_ENUM_BASIC; y; RAPIDIO_ENUM_BASIC; y
ARCH_USE_QUEUED_SPINLOCKS; y; ARCH_USE_QUEUED_SPINLOCKS; y
GPIO_ETRAXFS; y; GPIO_ETRAXFS; y
MIGRATION; y; MIGRATION; y
PANEL_LCD_PROTO; 0; ; 
PANEL_LCD_PIN_RW; 1; ; 
HAVE_DYNAMIC_FTRACE; y; HAVE_DYNAMIC_FTRACE; y
HZ_PERIODIC; y; HZ_PERIODIC; y
CRYPTO_AEAD2; y; CRYPTO_AEAD2; y
CRYPTO_AEAD; y; CRYPTO_AEAD; y
RADIO_TEA575X; y; RADIO_TEA575X; y
SND_FM801; y; SND_FM801; y
BATTERY_BQ27XXX_I2C; y; BATTERY_BQ27XXX_I2C; y
BATTERY_BQ27XXX; y; BATTERY_BQ27XXX; y
SND_PCM; y; SND_PCM; y
DRM_DW_HDMI_AHB_AUDIO; y; DRM_DW_HDMI_AHB_AUDIO; y
DRM_DW_HDMI; y; DRM_DW_HDMI; y
SND_USB; y; SND_USB; y
SND_VIRTUOSO; y; SND_VIRTUOSO; y
PCSPKR_PLATFORM; y; PCSPKR_PLATFORM; y
SND_OXYGEN; y; SND_OXYGEN; y
SND_PCMCIA; y; SND_PCMCIA; y
HAS_IOPORT_MAP; y; HAS_IOPORT_MAP; y
SND_X86; y; SND_X86; y
VIDEO_TW686X; y; VIDEO_TW686X; y
SND_SPI; y; SND_SPI; y
SND_USB_UA101; y; SND_USB_UA101; y
SND_RME96; y; SND_RME96; y
SND_VX_LIB; y; SND_VX_LIB; y
SND_FIREWIRE_LIB; y; SND_FIREWIRE_LIB; y
BT_HCIBTUSB; y; BT_HCIBTUSB; y
BOOKE_WDT_DEFAULT_TIMEOUT; 1; ; 
TIGON3; y; TIGON3; y
RIONET; y; RIONET; y
DVB_DIB7000M; y; DVB_DIB7000M; y
REGMAP_MMIO; y; REGMAP_MMIO; y
SND_SOC_SIRF; y; SND_SOC_SIRF; y
SND_ATMEL_SOC; y; SND_ATMEL_SOC; y
SND_SOC_SIRF_AUDIO_CODEC; y; SND_SOC_SIRF_AUDIO_CODEC; y
SND_SOC_STM32_I2S; y; SND_SOC_STM32_I2S; y
SND_SOC_FSL_SAI; y; SND_SOC_FSL_SAI; y
SND_SOC_FSL_SPDIF; y; SND_SOC_FSL_SPDIF; y
SND_SOC_JZ4740_CODEC; y; SND_SOC_JZ4740_CODEC; y
SND_SOC_FSL_ESAI; y; SND_SOC_FSL_ESAI; y
SECURITY_SELINUX_BOOTPARAM_VALUE; 1; ; 
SC6600_CDROMBASE; 0; ; 
DVB_STV0288; y; DVB_STV0288; y
DVB_BUDGET_CI; y; DVB_BUDGET_CI; y
DVB_DM1105; y; DVB_DM1105; y
DVB_USB_LME2510; y; DVB_USB_LME2510; y
ARCH_HAS_MEM_ENCRYPT; y; ARCH_HAS_MEM_ENCRYPT; y
REGMAP_I2C; y; REGMAP_I2C; y
SND_SOC_WM8804_I2C; y; SND_SOC_WM8804_I2C; y
KXSD9; y; KXSD9; y
MEDIA_TUNER_M88RS6000T; y; MEDIA_TUNER_M88RS6000T; y
DVB_TDA10071; y; DVB_TDA10071; y
MFD_SI476X_CORE; y; MFD_SI476X_CORE; y
SND_SOC_RT5677; y; SND_SOC_RT5677; y
SND_SOC_SSM2602_I2C; y; SND_SOC_SSM2602_I2C; y
MFD_WM8994; y; MFD_WM8994; y
DVB_MN88473; y; DVB_MN88473; y
SND_SOC_PCM3168A_I2C; y; SND_SOC_PCM3168A_I2C; y
SND_SOC_STA32X; y; SND_SOC_STA32X; y
SND_SOC_TLV320AIC31XX; y; SND_SOC_TLV320AIC31XX; y
BMP280_I2C; y; BMP280_I2C; y
SND_SOC_CS42XX8_I2C; y; SND_SOC_CS42XX8_I2C; y
MEDIA_TUNER_TDA18212; y; MEDIA_TUNER_TDA18212; y
MEDIA_TUNER_E4000; y; MEDIA_TUNER_E4000; y
MEDIA_TUNER_FC2580; y; MEDIA_TUNER_FC2580; y
SND_SOC_ADAU1761_I2C; y; SND_SOC_ADAU1761_I2C; y
DVB_SI2165; y; DVB_SI2165; y
DVB_CXD2820R; y; DVB_CXD2820R; y
MEDIA_TUNER_TUA9001; y; MEDIA_TUNER_TUA9001; y
DVB_AF9033; y; DVB_AF9033; y
MFD_ARIZONA_I2C; y; MFD_ARIZONA_I2C; y
DVB_TS2020; y; DVB_TS2020; y
DRM_I2C_ADV7511; y; DRM_I2C_ADV7511; y
MEDIA_TUNER_IT913X; y; MEDIA_TUNER_IT913X; y
DVB_MN88472; y; DVB_MN88472; y
DVB_M88DS3103; y; DVB_M88DS3103; y
SND_SYNTH_EMUX; y; SND_SYNTH_EMUX; y
RTLWIFI; y; RTLWIFI; y
RTL8723AE; y; RTL8723AE; y
SND_SOC_INTEL_BXT_RT298_MACH; y; SND_SOC_INTEL_BXT_RT298_MACH; y
MEDIA_TUNER_TDA18271; y; MEDIA_TUNER_TDA18271; y
MEDIA_TUNER_TDA8290; y; MEDIA_TUNER_TDA8290; y
SND_SOC_WM5102; y; SND_SOC_WM5102; y
SND_SOC_BELLS; y; SND_SOC_BELLS; y
MFD_ARIZONA; y; MFD_ARIZONA; y
SND_SOC_INTEL_BYTCR_RT5651_MACH; y; SND_SOC_INTEL_BYTCR_RT5651_MACH; y
SND_SOC_TWL6040; y; SND_SOC_TWL6040; y
DRM_DW_HDMI_CEC; y; DRM_DW_HDMI_CEC; y
HAVE_OPROFILE; y; HAVE_OPROFILE; y
LEGACY_VSYSCALL_NONE; y; LEGACY_VSYSCALL_NONE; y
SND_SOC_TLV320AIC23_SPI; y; SND_SOC_TLV320AIC23_SPI; y
B43_BUSES_BCMA; y; B43_BUSES_BCMA; y
B43_BCMA; y; B43_BCMA; y
DVB_VES1820; y; DVB_VES1820; y
BASE_FULL; y; BASE_FULL; y
DRM_PANEL; y; DRM_PANEL; y
DRM_MIPI_DSI; y; DRM_MIPI_DSI; y
NF_REJECT_IPV6; y; NF_REJECT_IPV6; y
SRCU; y; SRCU; y
TINY_RCU; y; TINY_RCU; y
TINY_SRCU; y; TINY_SRCU; y
DM_BIO_PRISON; y; DM_BIO_PRISON; y
DM_CACHE; y; DM_CACHE; y
DM_ERA; y; DM_ERA; y
RAID_ATTRS; y; RAID_ATTRS; y
SCSI_MOD; y; SCSI_MOD; y
SCSI_MPT3SAS; y; SCSI_MPT3SAS; y
BT_BCM; y; BT_BCM; y
BT_HCIBTUSB_BCM; y; BT_HCIBTUSB_BCM; y
INET6_XFRM_MODE_TUNNEL; y; INET6_XFRM_MODE_TUNNEL; y
CRC_ITU_T; y; CRC_ITU_T; y
RT73USB; y; RT73USB; y
NFC; y; NFC; y
AIC7XXX_DEBUG_MASK; 0; ; 
HAVE_IDE; y; HAVE_IDE; y
DVB_STV6110x; y; DVB_STV6110x; y
SND_SOC_RT274; y; SND_SOC_RT274; y
MEDIA_TUNER_TDA827X; y; MEDIA_TUNER_TDA827X; y
DVB_USB_TTUSB2; y; DVB_USB_TTUSB2; y
NET_IPGRE_DEMUX; y; NET_IPGRE_DEMUX; y
GENERIC_IOMAP; y; GENERIC_IOMAP; y
DVB_STV0299; y; DVB_STV0299; y
DVB_BUDGET_AV; y; DVB_BUDGET_AV; y
DVB_USB_OPERA1; y; DVB_USB_OPERA1; y
PWM_SYSFS; y; PWM_SYSFS; y
RCU_CPU_STALL_TIMEOUT; 300; ; 
ARCH_MMAP_RND_BITS_MAX; 0; ARCH_MMAP_RND_BITS_MAX; 32
HID_SENSOR_HUMIDITY; y; HID_SENSOR_HUMIDITY; y
SND_SOC_ADAV803; y; SND_SOC_ADAV803; y
RADIO_SI4713; y; RADIO_SI4713; y
PPC_EARLY_DEBUG_EHV_BC_HANDLE; 0; ; 
DRM_RCAR_DW_HDMI; y; DRM_RCAR_DW_HDMI; y
THIN_ARCHIVES; y; THIN_ARCHIVES; y
VIDEO_SAA6588; y; VIDEO_SAA6588; y
INET6_TUNNEL; y; INET6_TUNNEL; y
IPV6_TUNNEL; y; IPV6_TUNNEL; y
CRC32; y; CRC32; y
BROKEN_ON_SMP; y; BROKEN_ON_SMP; y
SCSI_SAS_LIBSAS; y; SCSI_SAS_LIBSAS; y
SND_HDA_POWER_SAVE_DEFAULT; 1; SND_HDA_POWER_SAVE_DEFAULT; 1
SYSTEMPORT; y; SYSTEMPORT; y
NET_VENDOR_AMD; y; NET_VENDOR_AMD; y
ETHOC; y; ETHOC; y
USB_NET_AX88179_178A; y; USB_NET_AX88179_178A; y
USB_NET_AX8817X; y; USB_NET_AX8817X; y
OF_NET; y; OF_NET; y
ISCSI_BOOT_SYSFS; y; ISCSI_BOOT_SYSFS; y
CRYPTO_ECB; y; CRYPTO_ECB; y
CRYPTO_DEV_PICOXCELL; y; CRYPTO_DEV_PICOXCELL; y
CRYPTO_DEV_CCREE; y; CRYPTO_DEV_CCREE; y
CRYPTO_XTS; y; CRYPTO_XTS; y
NET_VENDOR_MELLANOX; y; NET_VENDOR_MELLANOX; y
DVB_S5H1420; y; DVB_S5H1420; y
SND_DYNAMIC_MINORS; y; SND_DYNAMIC_MINORS; y
SLABINFO; y; SLABINFO; y
PM_WAKELOCKS_LIMIT; 1; ; 
COMEDI_NI_LABPC; y; COMEDI_NI_LABPC; y
COMEDI_NI_LABPC_CS; y; COMEDI_NI_LABPC_CS; y
NVRAM; y; NVRAM; y
IMA_X509_PATH; "/etc/keys/x509_ima.der"; ; 
VIDEO_OV13858; y; VIDEO_OV13858; y
USB_OHCI_HCD; y; USB_OHCI_HCD; y
BATTERY_BQ27XXX_HDQ; y; BATTERY_BQ27XXX_HDQ; y
CMA_SIZE_PERCENTAGE; 10; CMA_SIZE_PERCENTAGE; 10
WIMAX_I2400M; y; WIMAX_I2400M; y
WIMAX; y; WIMAX; y
WIMAX_I2400M_USB; y; WIMAX_I2400M_USB; y
LOCALVERSION; ""; LOCALVERSION; ""
SND_SOC_WM5110; y; SND_SOC_WM5110; y
SND_SOC_SAMSUNG_TM2_WM5110; y; SND_SOC_SAMSUNG_TM2_WM5110; y
DEFAULT_IO_DELAY_TYPE; 0; DEFAULT_IO_DELAY_TYPE; 0
IO_DELAY_0X80; y; IO_DELAY_0X80; y
MTDRAM_ERASE_SIZE; 0; MTDRAM_ERASE_SIZE; 0
FB_NOTIFY; y; FB_NOTIFY; y
DPM_WATCHDOG_TIMEOUT; 1; ; 
SCSI_NETLINK; y; SCSI_NETLINK; y
DVB_LNBP21; y; DVB_LNBP21; y
USB_NET_CDC_SUBSET; y; USB_NET_CDC_SUBSET; y
VGA_CONSOLE; y; VGA_CONSOLE; y
MSNDPIN_JOYSTICK_IO; 0x0; ; 
SND_SOC_DMIC; y; SND_SOC_DMIC; y
SND_SOC_INTEL_SKL_NAU88L25_MAX98357A_MACH; y; SND_SOC_INTEL_SKL_NAU88L25_MAX98357A_MACH; y
SND_SOC_INTEL_SKL_NAU88L25_SSM4567_MACH; y; SND_SOC_INTEL_SKL_NAU88L25_SSM4567_MACH; y
VIDEO_M52790; y; VIDEO_M52790; y
GENERIC_FIND_FIRST_BIT; y; GENERIC_FIND_FIRST_BIT; y
CRYPTO_HMAC; y; CRYPTO_HMAC; y
CRYPTO_DRBG_MENU; y; CRYPTO_DRBG_MENU; y
INET_AH; y; INET_AH; y
CRYPTO_DRBG_HMAC; y; CRYPTO_DRBG_HMAC; y
SND_PCM_TIMER; y; SND_PCM_TIMER; y
SND_SOC_WM8731; y; SND_SOC_WM8731; y
COMEDI_DAS08_PCI; y; COMEDI_DAS08_PCI; y
NETFILTER_NETLINK; y; NETFILTER_NETLINK; y
SYSCTL; y; SYSCTL; y
PINCTRL_APQ8084; y; PINCTRL_APQ8084; y
HAVE_MEMORY_PRESENT; y; HAVE_MEMORY_PRESENT; y
SERIAL_RP2_NR_UARTS; 0; ; 
PLATFORM_SI4713; y; PLATFORM_SI4713; y
SYSTEM_EXTRA_CERTIFICATE_SIZE; 4096; ; 
MSNDCLAS_INIT_FILE; ""; ; 
UNIX98_PTYS; y; UNIX98_PTYS; y
HAVE_CONTEXT_TRACKING; y; HAVE_CONTEXT_TRACKING; y
ARCH_USE_QUEUED_RWLOCKS; y; ARCH_USE_QUEUED_RWLOCKS; y
VIDEO_RENESAS_FDP1; y; VIDEO_RENESAS_FDP1; y
VIDEO_MX2_EMMAPRP; y; VIDEO_MX2_EMMAPRP; y
MTD_CFI_NOSWAP; y; MTD_CFI_NOSWAP; y
SND_SOC_TFA9879; y; SND_SOC_TFA9879; y
HAVE_ARCH_SOFT_DIRTY; y; HAVE_ARCH_SOFT_DIRTY; y
SND_SOC_INTEL_SST_ACPI; y; SND_SOC_INTEL_SST_ACPI; y
SND_SOC_INTEL_SST; y; SND_SOC_INTEL_SST; y
ARCH_HAS_CACHE_LINE_SIZE; y; ARCH_HAS_CACHE_LINE_SIZE; y
INET_XFRM_MODE_TUNNEL; y; INET_XFRM_MODE_TUNNEL; y
RSI_91X; y; RSI_91X; y
WLAN_VENDOR_RSI; y; WLAN_VENDOR_RSI; y
ROCKCHIP_GRF; y; ROCKCHIP_GRF; y
TOUCHSCREEN_PROPERTIES; y; TOUCHSCREEN_PROPERTIES; y
RT2800USB; y; RT2800USB; y
MLXSW_CORE; y; MLXSW_CORE; y
USB_NET_CDCETHER; y; USB_NET_CDCETHER; y
USB_NET_RNDIS_WLAN; y; USB_NET_RNDIS_WLAN; y
USB_NET_ZAURUS; y; USB_NET_ZAURUS; y
USB_NET_RNDIS_HOST; y; USB_NET_RNDIS_HOST; y
XZ_DEC; y; XZ_DEC; y
MLXFW; y; MLXFW; y
PCI_IOV; y; PCI_IOV; y
SND_SIMPLE_CARD_UTILS; y; SND_SIMPLE_CARD_UTILS; y
MTD_COMPLEX_MAPPINGS; y; MTD_COMPLEX_MAPPINGS; y
REGMAP_SPI; y; REGMAP_SPI; y
REGMAP_SPMI; y; REGMAP_SPMI; y
DVB_AF9013; y; DVB_AF9013; y
BT_INTEL; y; BT_INTEL; y
SND_HDA_CORE; y; SND_HDA_CORE; y
DVB_RTL2830; y; DVB_RTL2830; y
DVB_RTL2832; y; DVB_RTL2832; y
BMP280_SPI; y; BMP280_SPI; y
HZ; 0; HZ; 250
HZ_250; y; HZ_250; y
MAC80211_RC_MINSTREL_HT; y; MAC80211_RC_MINSTREL_HT; y
CFAG12864B; y; CFAG12864B; y
USB_EHCI_HCD_PLATFORM; y; USB_EHCI_HCD_PLATFORM; y
USB_HCD_BCMA; y; USB_HCD_BCMA; y
SND_SOC_RT5659; y; SND_SOC_RT5659; y
CRYPTO_CMAC; y; CRYPTO_CMAC; y
NF_NAT_REDIRECT; y; NF_NAT_REDIRECT; y
SND_SOC_WM8991; y; SND_SOC_WM8991; y
HAVE_NMI; y; HAVE_NMI; y
DVB_MT352; y; DVB_MT352; y
DVB_USB_DIGITV; y; DVB_USB_DIGITV; y
DVB_USB_UMT_010; y; DVB_USB_UMT_010; y
SPARSE_IRQ; y; SPARSE_IRQ; y
FB_GEODE; y; FB_GEODE; y
ALTERA_STAPL; y; ALTERA_STAPL; y
COMEDI_MITE; y; COMEDI_MITE; y
COMEDI_NI_TIOCMD; y; COMEDI_NI_TIOCMD; y
PHY_ROCKCHIP_INNO_USB2; y; PHY_ROCKCHIP_INNO_USB2; y
BCH_CONST_M; 1; BCH_CONST_M; 14
SND_SOC_TEGRA_WM8753; y; SND_SOC_TEGRA_WM8753; y
CHELSIO_T1; y; CHELSIO_T1; y
NET_VENDOR_CHELSIO; y; NET_VENDOR_CHELSIO; y
FB_CMDLINE; y; FB_CMDLINE; y
SFC; y; SFC; y
TSYS02D; y; TSYS02D; y
MTD_UBI_BEB_LIMIT; 1; MTD_UBI_BEB_LIMIT; 1
CRYPTO_JITTERENTROPY; y; CRYPTO_JITTERENTROPY; y
CRYPTO_DRBG; y; CRYPTO_DRBG; y
NET_VENDOR_WIZNET; y; NET_VENDOR_WIZNET; y
MMU_NOTIFIER; y; MMU_NOTIFIER; y
XEN_GNTDEV; y; XEN_GNTDEV; y
QUOTA; y; QUOTA; y
SND_SOC_WM8804; y; SND_SOC_WM8804; y
SND_SOC_WM8804_SPI; y; SND_SOC_WM8804_SPI; y
VIDEO_ADV7511; y; VIDEO_ADV7511; y
INPUT_SPARSEKMAP; y; INPUT_SPARSEKMAP; y
SND_SOC_MAX98357A; y; SND_SOC_MAX98357A; y
HAVE_PERF_EVENTS; y; HAVE_PERF_EVENTS; y
FSNOTIFY; y; FSNOTIFY; y
DAX; y; DAX; y
USB_KC2190; y; USB_KC2190; y
DEFAULT_DCTCP; y; DEFAULT_DCTCP; y
TCP_CONG_DCTCP; y; TCP_CONG_DCTCP; y
SND_SST_ATOM_HIFI2_PLATFORM; y; SND_SST_ATOM_HIFI2_PLATFORM; y
HYPERV; y; HYPERV; y
FAT_DEFAULT_CODEPAGE; 1; ; 
CYPRESS_FIRMWARE; y; CYPRESS_FIRMWARE; y
FB_SAVAGE; y; FB_SAVAGE; y
FB_SAVAGE_I2C; y; FB_SAVAGE_I2C; y
SND_SOC_RT5645; y; SND_SOC_RT5645; y
BLK_DEV_IDEPCI; y; BLK_DEV_IDEPCI; y
FB_VOODOO1; y; FB_VOODOO1; y
COMEDI_NI_660X; y; COMEDI_NI_660X; y
IBM_EMAC_TXB; 0; ; 
MX3_IPU_IRQS; 2; ; 
JFFS2_FS_DEBUG; 0; ; 
RT2X00_LIB_PCI; y; RT2X00_LIB_PCI; y
NFC_MRVL; y; NFC_MRVL; y
SND_SOC_CS4270; y; SND_SOC_CS4270; y
SND_SOC_CS42XX8; y; SND_SOC_CS42XX8; y
SND_RIPTIDE; y; SND_RIPTIDE; y
SND_SOC_AK4642; y; SND_SOC_AK4642; y
HYPERV_TSCPAGE; y; HYPERV_TSCPAGE; y
SND_SOC_MC13783; y; SND_SOC_MC13783; y
DVB_HORUS3A; y; DVB_HORUS3A; y
DVB_NETUP_UNIDVB; y; DVB_NETUP_UNIDVB; y
COMEDI_NI_MIO_CS; y; COMEDI_NI_MIO_CS; y
X86_MCE; y; X86_MCE; y
X86_SUPPORTS_MEMORY_FAILURE; y; X86_SUPPORTS_MEMORY_FAILURE; y
SND_SOC_WM8770; y; SND_SOC_WM8770; y
ARM_GIC_MAX_NR; 0; ARM_GIC_MAX_NR; 1
DRM_I2C_ADV7533; y; DRM_I2C_ADV7533; y
GENERIC_CLOCKEVENTS_BROADCAST; y; GENERIC_CLOCKEVENTS_BROADCAST; y
DEFAULT_MMAP_MIN_ADDR; 0; DEFAULT_MMAP_MIN_ADDR; 0
NOUVEAU_DEBUG; 5; ; 
SND_SOC_TWL4030; y; SND_SOC_TWL4030; y
MFD_TWL4030_AUDIO; y; MFD_TWL4030_AUDIO; y
INPUT_TWL4030_VIBRA; y; INPUT_TWL4030_VIBRA; y
FRAME_WARN; 2048; FRAME_WARN; 2048
CRYPTO_LRW; y; CRYPTO_LRW; y
CRYPTO_CRYPTD; y; CRYPTO_CRYPTD; y
CRYPTO_CTR; y; CRYPTO_CTR; y
CRYPTO_AUTHENC; y; CRYPTO_AUTHENC; y
CRYPTO_CBC; y; CRYPTO_CBC; y
SND_SOC_HDMI_CODEC; y; SND_SOC_HDMI_CODEC; y
DRM_DW_HDMI_I2S_AUDIO; y; DRM_DW_HDMI_I2S_AUDIO; y
FB_BACKLIGHT; y; FB_BACKLIGHT; y
SND_SOC_ARIZONA; y; SND_SOC_ARIZONA; y
SCSI_MPT2SAS_MAX_SGE; 256; SCSI_MPT2SAS_MAX_SGE; 256
GENERIC_IO; y; GENERIC_IO; y
SND_SOC_AD193X_I2C; y; SND_SOC_AD193X_I2C; y
DVB_ZL10039; y; DVB_ZL10039; y
KERNFS; y; KERNFS; y
SND_SOC_WM8955; y; SND_SOC_WM8955; y
SND_SOC_COMPRESS; y; SND_SOC_COMPRESS; y
SND_SOC_WM_ADSP; y; SND_SOC_WM_ADSP; y
CRC_CCITT; y; CRC_CCITT; y
NFC_PN544; y; NFC_PN544; y
PANIC_ON_OOPS_VALUE; 1; PANIC_ON_OOPS_VALUE; 0
HAVE_DYNAMIC_FTRACE_WITH_REGS; y; HAVE_DYNAMIC_FTRACE_WITH_REGS; y
MEDIA_TUNER_XC4000; y; MEDIA_TUNER_XC4000; y
X86_L1_CACHE_SHIFT; 7; X86_L1_CACHE_SHIFT; 6
SPI_OMAP24XX; y; SPI_OMAP24XX; y
SG_SPLIT; y; SG_SPLIT; y
PROC_SYSCTL; y; PROC_SYSCTL; y
IGB; y; IGB; y
FB_DDC; y; FB_DDC; y
WEXT_PRIV; y; WEXT_PRIV; y
MLXSW_SPECTRUM; y; MLXSW_SPECTRUM; y
NET_SWITCHDEV; y; NET_SWITCHDEV; y
MLXSW_PCI; y; MLXSW_PCI; y
ADT7316; y; ADT7316; y
DVB_USB_AF9005; y; DVB_USB_AF9005; y
DVB_TDA8261; y; DVB_TDA8261; y
USB_SERIAL_KEYSPAN_PDA; y; USB_SERIAL_KEYSPAN_PDA; y
MEDIA_TUNER_MT2131; y; MEDIA_TUNER_MT2131; y
ARCH_MIGHT_HAVE_PC_SERIO; y; ARCH_MIGHT_HAVE_PC_SERIO; y
USB_STORAGE_REALTEK; y; USB_STORAGE_REALTEK; y
XFRM_ALGO; y; XFRM_ALGO; y
DVB_VES1X93; y; DVB_VES1X93; y
SMS_USB_DRV; y; SMS_USB_DRV; y
VIDEO_TW9903; y; VIDEO_TW9903; y
RT2X00_LIB_MMIO; y; RT2X00_LIB_MMIO; y
SERIAL_MEN_Z135; y; SERIAL_MEN_Z135; y
CRYPTO_DEV_FSL_CAAM_INTC_COUNT_THLD; 0; ; 
PCI_QUIRKS; y; PCI_QUIRKS; y
ARCH_ENABLE_MEMORY_HOTPLUG; y; ARCH_ENABLE_MEMORY_HOTPLUG; y
X86_CMPXCHG64; y; X86_CMPXCHG64; y
SND_SOC_ADAU_UTILS; y; SND_SOC_ADAU_UTILS; y
SND_SOC_ADAU1373; y; SND_SOC_ADAU1373; y
SND_SOC_ADAU17X1; y; SND_SOC_ADAU17X1; y
XEN_HAVE_VPMU; y; XEN_HAVE_VPMU; y
XEN_PV; y; XEN_PV; y
DW_APB_TIMER; y; DW_APB_TIMER; y
WATCHDOG_CORE; y; WATCHDOG_CORE; y
BCMA_BLOCKIO; y; BCMA_BLOCKIO; y
B43_BCMA_PIO; y; B43_BCMA_PIO; y
I2C_SMBUS; y; ; 
ARCH; ""; ; 
SCSI_FUTURE_DOMAIN; y; SCSI_FUTURE_DOMAIN; y
USBIP_VHCI_HC_PORTS; 15; USBIP_VHCI_HC_PORTS; 15
RTC_MC146818_LIB; y; RTC_MC146818_LIB; y
WEXT_CORE; y; WEXT_CORE; y
WEXT_PROC; y; WEXT_PROC; y
SND_SOC_DA7219; y; SND_SOC_DA7219; y
HAVE_VIRT_CPU_ACCOUNTING_GEN; y; HAVE_VIRT_CPU_ACCOUNTING_GEN; y
I2C_BOARDINFO; y; I2C_BOARDINFO; y
PANIC_TIMEOUT; 1; PANIC_TIMEOUT; 1
DVB_USB_A800; y; DVB_USB_A800; y
ARCH_HAS_REFCOUNT; y; ARCH_HAS_REFCOUNT; y
MAC80211_HAS_RC; y; MAC80211_HAS_RC; y
MAC80211_RC_MINSTREL; y; MAC80211_RC_MINSTREL; y
SND_AT73C213_TARGET_BITRATE; 0; ; 
HAVE_KPROBES_ON_FTRACE; y; HAVE_KPROBES_ON_FTRACE; y
XEN_HAVE_PVMMU; y; XEN_HAVE_PVMMU; y
WIMAX_DEBUG_LEVEL; 0; WIMAX_DEBUG_LEVEL; 0
ARCH_HAS_UBSAN_SANITIZE_ALL; y; ARCH_HAS_UBSAN_SANITIZE_ALL; y
BT_RTL; y; BT_RTL; y
BT_HCIBTUSB_RTL; y; BT_HCIBTUSB_RTL; y
IPV6_ILA; y; IPV6_ILA; y
COMEDI_DAS08_ISA; y; COMEDI_DAS08_ISA; y
FB_MB862XX_PCI_GDC; y; FB_MB862XX_PCI_GDC; y
RCU_FANOUT; 2; ; 
PCI_LABEL; y; PCI_LABEL; y
POSIX_TIMERS; y; POSIX_TIMERS; y
PCI_XEN; y; PCI_XEN; y
RT2X00_LIB; y; RT2X00_LIB; y
RT2X00_LIB_LEDS; y; RT2X00_LIB_LEDS; y
PANEL_PARPORT; 1; PANEL_PARPORT; 1
MAX_STACK_SIZE_MB; 2048; ; 
SND_SOC_ADAU1701; y; SND_SOC_ADAU1701; y
NVME_FABRICS; y; NVME_FABRICS; y
FUSION_MAX_SGE; 128; ; 
SND_SOC_PCM179X; y; SND_SOC_PCM179X; y
SND_SOC_PCM179X_SPI; y; SND_SOC_PCM179X_SPI; y
NET_VENDOR_3COM; y; NET_VENDOR_3COM; y
ATM_FORE200E_TX_RETRY; 16; ; 
HID_SENSOR_ACCEL_3D; y; HID_SENSOR_ACCEL_3D; y
HID_SENSOR_MAGNETOMETER_3D; y; HID_SENSOR_MAGNETOMETER_3D; y
PINCTRL_MSM8X74; y; PINCTRL_MSM8X74; y
SYSFS_SYSCALL; y; SYSFS_SYSCALL; y
RT2800_LIB; y; RT2800_LIB; y
DVB_STV0297; y; DVB_STV0297; y
SND_SOC_WM8510; y; SND_SOC_WM8510; y
CRC32_SARWATE; y; CRC32_SARWATE; y
VIDEO_EM28XX_V4L2; y; VIDEO_EM28XX_V4L2; y
PRINTK_SAFE_LOG_BUF_SHIFT; 1; PRINTK_SAFE_LOG_BUF_SHIFT; 13
CEC_CORE; y; CEC_CORE; y
VIDEO_STI_HDMI_CEC; y; VIDEO_STI_HDMI_CEC; y
VIDEO_ADV7842; y; VIDEO_ADV7842; y
VIDEO_ADV7604; y; VIDEO_ADV7604; y
CEC_NOTIFIER; y; CEC_NOTIFIER; y
XEN_PRIVCMD; y; XEN_PRIVCMD; y
INITRAMFS_ROOT_UID; 0; ; 
HAVE_HARDENED_USERCOPY_ALLOCATOR; y; HAVE_HARDENED_USERCOPY_ALLOCATOR; y
COMEDI_DEFAULT_BUF_MAXSIZE_KB; 20480; COMEDI_DEFAULT_BUF_MAXSIZE_KB; 20480
CRYPTO_AKCIPHER2; y; CRYPTO_AKCIPHER2; y
CRYPTO_AKCIPHER; y; CRYPTO_AKCIPHER; y
HAVE_IOREMAP_PROT; y; HAVE_IOREMAP_PROT; y
SCSI_MESH_SYNC_RATE; 1; ; 
SND_TIMER; y; SND_TIMER; y
SG_POOL; y; SG_POOL; y
DEBUG_PAGEALLOC; y; DEBUG_PAGEALLOC; y
ARCH_SUPPORTS_DEBUG_PAGEALLOC; y; ARCH_SUPPORTS_DEBUG_PAGEALLOC; y
KDB_CONTINUE_CATASTROPHIC; 0; ; 
SND_SOC_TOPOLOGY; y; SND_SOC_TOPOLOGY; y
SND_SOC_INTEL_SKYLAKE; y; SND_SOC_INTEL_SKYLAKE; y
SND_OXFW; y; SND_OXFW; y
IO_DELAY_TYPE_UDELAY; 1; IO_DELAY_TYPE_UDELAY; 2
ARCH_PHYS_ADDR_T_64BIT; y; ARCH_PHYS_ADDR_T_64BIT; y
SND_SOC_RT5663; y; SND_SOC_RT5663; y
SND_SOC_INTEL_KBL_RT5663_RT5514_MAX98927_MACH; y; SND_SOC_INTEL_KBL_RT5663_RT5514_MAX98927_MACH; y
SND_SOC_TLV320AIC23; y; SND_SOC_TLV320AIC23; y
SND_SOC_TLV320AIC23_I2C; y; SND_SOC_TLV320AIC23_I2C; y
CRYPTO_WORKQUEUE; y; CRYPTO_WORKQUEUE; y
CRYPTO_BLKCIPHER2; y; CRYPTO_BLKCIPHER2; y
NFC_MRVL_USB; y; NFC_MRVL_USB; y
SND_DMAENGINE_PCM; y; SND_DMAENGINE_PCM; y
SND_SOC_GENERIC_DMAENGINE_PCM; y; SND_SOC_GENERIC_DMAENGINE_PCM; y
X86_RESERVE_LOW; 64; X86_RESERVE_LOW; 64
ADT7316_SPI; y; ADT7316_SPI; y
DVB_TDA826X; y; DVB_TDA826X; y
GENERIC_ALLOCATOR; y; GENERIC_ALLOCATOR; y
PGTABLE_LEVELS; 5; PGTABLE_LEVELS; 4
LOGO; y; LOGO; y
VIDEO_DM6446_CCDC; y; VIDEO_DM6446_CCDC; y
SND_PS3_DEFAULT_START_DELAY; 2000; ; 
DRM_NXP_PTN3460; y; DRM_NXP_PTN3460; y
SND_SEQ_DEVICE; y; SND_SEQ_DEVICE; y
SND_RAWMIDI; y; SND_RAWMIDI; y
QUOTACTL; y; QUOTACTL; y
SND_SOC_SMDK_WM8994_PCM; y; SND_SOC_SMDK_WM8994_PCM; y
SCSI_NCR53C8XX_DEFAULT_TAGS; 8; ; 
SWIOTLB_XEN; y; SWIOTLB_XEN; y
I2C_BLACKFIN_TWI_CLK_KHZ; 21; ; 
DVB_TDA18271C2DD; y; DVB_TDA18271C2DD; y
RTC_HCTOSYS_DEVICE; ""; ; 
SND_PROC_FS; y; SND_PROC_FS; y
SND_SOC_DA7218; y; SND_SOC_DA7218; y
SCSI_ISCSI_ATTRS; y; SCSI_ISCSI_ATTRS; y
SCSI_CXGB4_ISCSI; y; SCSI_CXGB4_ISCSI; y
SCSI_NCR53C8XX_MAX_TAGS; 32; ; 
SND_SOC_MAX98927; y; SND_SOC_MAX98927; y
SERIAL_CLPS711X_CONSOLE; y; SERIAL_CLPS711X_CONSOLE; y
SERIAL_CLPS711X; y; SERIAL_CLPS711X; y
CRYPTO_ACOMP2; y; CRYPTO_ACOMP2; y
SERIAL_ARC; y; SERIAL_ARC; y
VIDEO_OV7640; y; VIDEO_OV7640; y
FB_VESA; y; FB_VESA; y
VIDEO_VIMC; y; VIDEO_VIMC; y
LOG_BUF_SHIFT; 1; LOG_BUF_SHIFT; 17
BOOTPARAM_HARDLOCKUP_PANIC_VALUE; 1; BOOTPARAM_HARDLOCKUP_PANIC_VALUE; 0
HARDLOCKUP_DETECTOR; y; HARDLOCKUP_DETECTOR; y
DVB_M88RS2000; y; DVB_M88RS2000; y
PCI_DOMAINS; y; PCI_DOMAINS; y
BLK_DEV_BSGLIB; y; BLK_DEV_BSGLIB; y
BLK_SCSI_REQUEST; y; BLK_SCSI_REQUEST; y
BLK_DEV_BSG; y; BLK_DEV_BSG; y
BLK_DEV_IDEDMA; y; BLK_DEV_IDEDMA; y
IDE_TIMINGS; y; IDE_TIMINGS; y
IDE_XFER_MODE; y; IDE_XFER_MODE; y
SND_SOC_WM8903; y; SND_SOC_WM8903; y
VIDEO_SAA6752HS; y; VIDEO_SAA6752HS; y
RWSEM_XCHGADD_ALGORITHM; y; RWSEM_XCHGADD_ALGORITHM; y
ARCH_SUPPORTS_ATOMIC_RMW; y; ARCH_SUPPORTS_ATOMIC_RMW; y
VIDEO_V4L2_TPG; y; VIDEO_V4L2_TPG; y
SND_SEQ_MIDI; y; SND_SEQ_MIDI; y
COMEDI_DAS08; y; COMEDI_DAS08; y
DVB_PLL; y; DVB_PLL; y
DVB_DIB3000MC; y; DVB_DIB3000MC; y
DVB_USB_DIBUSB_MB; y; DVB_USB_DIBUSB_MB; y
HID_PICOLCD_CIR; y; HID_PICOLCD_CIR; y
FB_PS3_DEFAULT_SIZE_M; 9; ; 
DVB_TDA8083; y; DVB_TDA8083; y
SENSORS_LIS3_I2C; y; SENSORS_LIS3_I2C; y
HAVE_HW_BREAKPOINT; y; HAVE_HW_BREAKPOINT; y
CRYPTO_DEV_FSL_CAAM_INTC_TIME_THLD; 2048; ; 
MEDIA_TUNER_MXL301RF; y; MEDIA_TUNER_MXL301RF; y
GPIO_GENERIC; y; GPIO_GENERIC; y
GPIO_SODAVILLE; y; GPIO_SODAVILLE; y
NETFILTER_XT_TARGET_CT; y; NETFILTER_XT_TARGET_CT; y
DVB_A8293; y; DVB_A8293; y
SND_SOC_WM8904; y; SND_SOC_WM8904; y
SND_ATMEL_SOC_WM8904; y; SND_ATMEL_SOC_WM8904; y
SCSI_SYM53C8XX_2; y; SCSI_SYM53C8XX_2; y
MEDIA_TUNER_TDA9887; y; MEDIA_TUNER_TDA9887; y
MEDIA_TUNER_SIMPLE; y; MEDIA_TUNER_SIMPLE; y
KGDB_TESTS_BOOT_STRING; "V1F100"; ; 
SHMEM; y; SHMEM; y
SND_SOC_MAX9867; y; SND_SOC_MAX9867; y
MODULE_SIG_HASH; "sha512"; ; 
IIO_ADIS_LIB_BUFFER; y; IIO_ADIS_LIB_BUFFER; y
ADIS16209; y; ADIS16209; y
SND_SOC_DA7210; y; SND_SOC_DA7210; y
SND_BF5XX_SPORT_NUM; 0; ; 
HAVE_KERNEL_LZMA; y; HAVE_KERNEL_LZMA; y
AIC79XX_CMDS_PER_DEVICE; 32; AIC79XX_CMDS_PER_DEVICE; 32
CFAG12864B_RATE; 20; CFAG12864B_RATE; 20
MEDIA_TUNER_TEA5767; y; MEDIA_TUNER_TEA5767; y
SND_SOC_MAX98371; y; SND_SOC_MAX98371; y
XZ_DEC_ARM; y; XZ_DEC_ARM; y
ARCH_SUPPORTS_NUMA_BALANCING; y; ARCH_SUPPORTS_NUMA_BALANCING; y
SND_SOC_TLV320AIC26; y; SND_SOC_TLV320AIC26; y
SND_MAX_CARDS; 0; SND_MAX_CARDS; 32
X86_DEBUGCTLMSR; y; X86_DEBUGCTLMSR; y
SND_SOC_CS53L30; y; SND_SOC_CS53L30; y
SND_SOC_BT_SCO; y; SND_SOC_BT_SCO; y
ARCH_HAS_ELF_RANDOMIZE; y; ARCH_HAS_ELF_RANDOMIZE; y
SND_SOC_WM8974; y; SND_SOC_WM8974; y
MSNDPIN_CFG; 0x0; ; 
USB_USS720; y; USB_USS720; y
VT_CONSOLE; y; VT_CONSOLE; y
SND_SOC_ADAU1761; y; SND_SOC_ADAU1761; y
SND_SOC_CS35L35; y; SND_SOC_CS35L35; y
SND_SOC_RT5677_SPI; y; SND_SOC_RT5677_SPI; y
RDMA_RXE; y; RDMA_RXE; y
CRYPTO_CRC32; y; CRYPTO_CRC32; y
NET_UDP_TUNNEL; y; NET_UDP_TUNNEL; y
MEDIA_TUNER_MT2266; y; MEDIA_TUNER_MT2266; y
COMEDI_ADDI_WATCHDOG; y; COMEDI_ADDI_WATCHDOG; y
COMEDI_ADDI_APCI_2032; y; COMEDI_ADDI_APCI_2032; y
NETFILTER_XT_TARGET_TEE; y; NETFILTER_XT_TARGET_TEE; y
MODIFY_LDT_SYSCALL; y; MODIFY_LDT_SYSCALL; y
ARCH_SPARSEMEM_DEFAULT; y; ARCH_SPARSEMEM_DEFAULT; y
SPARSEMEM_MANUAL; y; SPARSEMEM_MANUAL; y
USB_CONFIGFS_ACM; y; USB_CONFIGFS_ACM; y
GAMEPORT; y; GAMEPORT; y
ARCH_HAS_ACPI_TABLE_UPGRADE; y; ARCH_HAS_ACPI_TABLE_UPGRADE; y
HAVE_EFFICIENT_UNALIGNED_ACCESS; y; HAVE_EFFICIENT_UNALIGNED_ACCESS; y
CRYPTO_HASH_INFO; y; CRYPTO_HASH_INFO; y
PANEL_BOOT_MESSAGE; ""; ; 
GENERIC_IRQ_SHOW; y; GENERIC_IRQ_SHOW; y
SND_BF5XX_RESET_GPIO_NUM; 1; ; 
DVB_TUNER_DIB0090; y; DVB_TUNER_DIB0090; y
PRINTK_NMI; y; PRINTK_NMI; y
SND_SOC_MAX9768; y; SND_SOC_MAX9768; y
CONTEXT_TRACKING; y; CONTEXT_TRACKING; y
HAVE_FTRACE_MCOUNT_RECORD; y; HAVE_FTRACE_MCOUNT_RECORD; y
DVB_MAX_ADAPTERS; 1; DVB_MAX_ADAPTERS; 1
ARCH_HAS_DEVMEM_IS_ALLOWED; y; ARCH_HAS_DEVMEM_IS_ALLOWED; y
HAVE_PERF_USER_STACK_DUMP; y; HAVE_PERF_USER_STACK_DUMP; y
CRYPTO_GLUE_HELPER_X86; y; CRYPTO_GLUE_HELPER_X86; y
CRYPTO_SERPENT_AVX_X86_64; y; CRYPTO_SERPENT_AVX_X86_64; y
CRYPTO_SERPENT_AVX2_X86_64; y; CRYPTO_SERPENT_AVX2_X86_64; y
CRYPTO_SERPENT_SSE2_X86_64; y; CRYPTO_SERPENT_SSE2_X86_64; y
GENERIC_CPU_VULNERABILITIES; y; GENERIC_CPU_VULNERABILITIES; y
SQUASHFS_FILE_CACHE; y; SQUASHFS_FILE_CACHE; y
SND_MPU401_UART; y; SND_MPU401_UART; y
SND_SOC_WM8776; y; SND_SOC_WM8776; y
HISAX_MAX_CARDS; 1; ; 
HAVE_ACPI_APEI; y; HAVE_ACPI_APEI; y
XEN_ACPI; y; XEN_ACPI; y
SND_SOC_SAMSUNG_SMDK_SPDIF; y; SND_SOC_SAMSUNG_SMDK_SPDIF; y
SND_SOC_WM8983; y; SND_SOC_WM8983; y
VIDEO_VIA_CAMERA; y; VIDEO_VIA_CAMERA; y
MTD_CFI_I4; y; MTD_CFI_I4; y
SND_SOC_AK5386; y; SND_SOC_AK5386; y
USB_PHY; y; USB_PHY; y
DVB_TDA665x; y; DVB_TDA665x; y
IIO_MS_SENSORS_I2C; y; IIO_MS_SENSORS_I2C; y
MEDIA_TUNER_MC44S803; y; MEDIA_TUNER_MC44S803; y
I2C_SI4713; y; I2C_SI4713; y
GENERIC_BUG_RELATIVE_POINTERS; y; GENERIC_BUG_RELATIVE_POINTERS; y
BUG; y; BUG; y
GENERIC_BUG; y; GENERIC_BUG; y
MSNDPIN_IDE_IO1; 0x0; ; 
MTD_NAND_ECC; y; MTD_NAND_ECC; y
NET_RX_BUSY_POLL; y; NET_RX_BUSY_POLL; y
SCSI_SAS_ATTRS; y; SCSI_SAS_ATTRS; y
DVB_ZL10036; y; DVB_ZL10036; y
CRASH_DUMP; y; CRASH_DUMP; y
NF_DUP_IPV4; y; NF_DUP_IPV4; y
MAC80211_RC_DEFAULT; "minstrel"; MAC80211_RC_DEFAULT; "minstrel_ht"
MAC80211_RC_DEFAULT_MINSTREL; y; MAC80211_RC_DEFAULT_MINSTREL; y
GENERIC_EARLY_IOREMAP; y; GENERIC_EARLY_IOREMAP; y
MSNDCLAS_MEM; 0x1; ; 
VIDEO_OV2640; y; VIDEO_OV2640; y
PARMAN; y; PARMAN; y
DMI_SCAN_MACHINE_NON_EFI_FALLBACK; y; DMI_SCAN_MACHINE_NON_EFI_FALLBACK; y
SERIAL_TXX9_NR_UARTS; 6; ; 
PM_CLK; y; PM_CLK; y
UNWINDER_ORC; y; UNWINDER_ORC; y
HAVE_STACK_VALIDATION; y; HAVE_STACK_VALIDATION; y
STACK_VALIDATION; y; STACK_VALIDATION; y
NFP; y; NFP; y
NET_VENDOR_NETRONOME; y; NET_VENDOR_NETRONOME; y
UEVENT_HELPER_PATH; ""; UEVENT_HELPER_PATH; ""
FIREWIRE_SERIAL; y; FIREWIRE_SERIAL; y
FWTTY_MAX_CARD_PORTS; 0; FWTTY_MAX_CARD_PORTS; 0
FWTTY_MAX_TOTAL_PORTS; 1; FWTTY_MAX_TOTAL_PORTS; 1
NET_IP_TUNNEL; y; NET_IP_TUNNEL; y
DST_CACHE; y; DST_CACHE; y
GIGASET_DUMMYLL; y; ; 
STRICT_KERNEL_RWX; y; STRICT_KERNEL_RWX; y
IP_NF_TARGET_SYNPROXY; y; IP_NF_TARGET_SYNPROXY; y
HAVE_IRQ_TIME_ACCOUNTING; y; HAVE_IRQ_TIME_ACCOUNTING; y
SND_SOC_INTEL_BDW_RT5677_MACH; y; SND_SOC_INTEL_BDW_RT5677_MACH; y
SND_SOC_INTEL_BROADWELL_MACH; y; SND_SOC_INTEL_BROADWELL_MACH; y
VIDEO_UPD64083; y; VIDEO_UPD64083; y
DVB_STV0367; y; DVB_STV0367; y
INPUT_POLLDEV; y; INPUT_POLLDEV; y
SENSORS_LIS3LV02D; y; SENSORS_LIS3LV02D; y
TOUCHSCREEN_SUR40; y; TOUCHSCREEN_SUR40; y
SND_SOC_AK4671; y; SND_SOC_AK4671; y
SND_SOC_SSM2602; y; SND_SOC_SSM2602; y
SND_SOC_SSM2602_SPI; y; SND_SOC_SSM2602_SPI; y
CRYPTO_AES; y; CRYPTO_AES; y
CRYPTO_KPP; y; CRYPTO_KPP; y
CRYPTO_SERPENT; y; CRYPTO_SERPENT; y
CRYPTO_DES; y; CRYPTO_DES; y
CRYPTO_RNG; y; CRYPTO_RNG; y
CRYPTO_HASH; y; CRYPTO_HASH; y
CRYPTO_BLKCIPHER; y; CRYPTO_BLKCIPHER; y
SCSI_EATA_MAX_TAGS; 0; ; 
DVB_TDA10021; y; DVB_TDA10021; y
SND_SOC_RL6231; y; SND_SOC_RL6231; y
SND_SOC_RT5660; y; SND_SOC_RT5660; y
SND_SOC_RT5640; y; SND_SOC_RT5640; y
SND_SOC_RT5514; y; SND_SOC_RT5514; y
SND_SOC_RT5651; y; SND_SOC_RT5651; y
SND_SOC_RT5616; y; SND_SOC_RT5616; y
SND_SOC_RT5665; y; SND_SOC_RT5665; y
SND_SOC_RT5670; y; SND_SOC_RT5670; y
RADIO_ZOLTRIX_PORT; 0x1; ; 
SND_SOC_AC97_BUS; y; SND_SOC_AC97_BUS; y
SND_SOC_CS4271_SPI; y; SND_SOC_CS4271_SPI; y
PANEL_LCD_HWIDTH; 64; ; 
RAS; y; RAS; y
GENERIC_IRQ_PROBE; y; GENERIC_IRQ_PROBE; y
X86_MINIMUM_CPU_FAMILY; 5; X86_MINIMUM_CPU_FAMILY; 64
PAGE_OFFSET; 0xB0000000; ; 
IBM_EMAC_RXB; 1; ; 
CRYPTO_HASH2; y; CRYPTO_HASH2; y
CRYPTO_NULL2; y; CRYPTO_NULL2; y
ATMEL_TCB_CLKSRC_BLOCK; 0; ; 
DVB_CX22702; y; DVB_CX22702; y
AIC7XXX_RESET_DELAY_MS; 1; ; 
BCM2835_TIMER; y; BCM2835_TIMER; y
CLKSRC_ST_LPC; y; CLKSRC_ST_LPC; y
CLKSRC_MMIO; y; CLKSRC_MMIO; y
VMCP_CMA_SIZE; 1; ; 
PCI_BUS_ADDR_T_64BIT; y; PCI_BUS_ADDR_T_64BIT; y
EEPROM_93CX6; y; EEPROM_93CX6; y
ALLOW_DEV_COREDUMP; y; ALLOW_DEV_COREDUMP; y
WANT_DEV_COREDUMP; y; WANT_DEV_COREDUMP; y
DEV_COREDUMP; y; DEV_COREDUMP; y
SND_SOC_WM8741; y; SND_SOC_WM8741; y
DVB_TUA6100; y; DVB_TUA6100; y
DEBUG_OBJECTS_ENABLE_DEFAULT; 0; ; 
ARCH_SUPPORTS_INT128; y; ARCH_SUPPORTS_INT128; y
ARCH_MAY_HAVE_PC_FDC; y; ARCH_MAY_HAVE_PC_FDC; y
DW_DMAC_CORE; y; DW_DMAC_CORE; y
DMA_OF; y; DMA_OF; y
FSL_EDMA; y; FSL_EDMA; y
ARCH_HAS_ZONE_DEVICE; y; ARCH_HAS_ZONE_DEVICE; y
X86_PM_TIMER; y; X86_PM_TIMER; y
HID_GENERIC; y; HID_GENERIC; y
HDMI; y; HDMI; y
SND_SOC_HDAC_HDMI; y; SND_SOC_HDAC_HDMI; y
ARCH_WANT_BATCHED_UNMAP_TLB_FLUSH; y; ARCH_WANT_BATCHED_UNMAP_TLB_FLUSH; y
ARCH_WANT_GENERAL_HUGETLB; y; ARCH_WANT_GENERAL_HUGETLB; y
COMEDI_8255; y; COMEDI_8255; y
COMEDI_CB_PCIMDAS; y; COMEDI_CB_PCIMDAS; y
PCI_PASID; y; PCI_PASID; y
PCI_ATS; y; PCI_ATS; y
HAVE_ARCH_AUDITSYSCALL; y; HAVE_ARCH_AUDITSYSCALL; y
AUDITSYSCALL; y; AUDITSYSCALL; y
MEMBARRIER; y; MEMBARRIER; y
ARCH_SUPPORTS_OPTIMIZED_INLINING; y; ARCH_SUPPORTS_OPTIMIZED_INLINING; y
SND_CS4281; y; SND_CS4281; y
IIO_CONSUMERS_PER_TRIGGER; 0; IIO_CONSUMERS_PER_TRIGGER; 0
RTC_LIB; y; RTC_LIB; y
SND_SOC_ADAU1761_SPI; y; SND_SOC_ADAU1761_SPI; y
VGA_SWITCHEROO; y; VGA_SWITCHEROO; y
DVB_S5H1409; y; DVB_S5H1409; y
RATIONAL; y; RATIONAL; y
HAVE_UNSTABLE_SCHED_CLOCK; y; HAVE_UNSTABLE_SCHED_CLOCK; y
VIDEO_VIVID_MAX_DEVS; 1; ; 
PANEL_LCD_PIN_BL; -17; ; 
IRQ_POLL; y; IRQ_POLL; y
AMD_NB; y; AMD_NB; y
SND_SOC_INTEL_SST_FIRMWARE; y; SND_SOC_INTEL_SST_FIRMWARE; y
BCH_CONST_T; 0; BCH_CONST_T; 4
TIMER_PROBE; y; TIMER_PROBE; y
TIMER_OF; y; TIMER_OF; y
CRYPTO_ABLK_HELPER; y; CRYPTO_ABLK_HELPER; y
VIDEO_MT9V011; y; VIDEO_MT9V011; y
HAVE_ARCH_TRANSPARENT_HUGEPAGE; y; HAVE_ARCH_TRANSPARENT_HUGEPAGE; y
GENERIC_MSI_IRQ; y; GENERIC_MSI_IRQ; y
HARDLOCKUP_DETECTOR_PERF; y; HARDLOCKUP_DETECTOR_PERF; y
SOFTLOCKUP_DETECTOR; y; SOFTLOCKUP_DETECTOR; y
VIDEO_DM355_CCDC; y; VIDEO_DM355_CCDC; y
SND_SAMSUNG_I2S; y; SND_SAMSUNG_I2S; y
SND_SOC_LOWLAND; y; SND_SOC_LOWLAND; y
SND_SOC_SPEYSIDE; y; SND_SOC_SPEYSIDE; y
PNPACPI; y; PNPACPI; y
SND_VX222; y; SND_VX222; y
HAVE_SETUP_PER_CPU_AREA; y; HAVE_SETUP_PER_CPU_AREA; y
FONT_AUTOSELECT; y; ; 
CRYPTO_CCM; y; CRYPTO_CCM; y
IP6_NF_RAW; y; IP6_NF_RAW; y
FUSE_FS; y; FUSE_FS; y
SND_JZ4740_SOC; y; SND_JZ4740_SOC; y
SND_JZ4740_SOC_QI_LB60; y; SND_JZ4740_SOC_QI_LB60; y
WIL6210; y; WIL6210; y
SND_SOC_TLV320AIC32X4; y; SND_SOC_TLV320AIC32X4; y
SND_SOC_TLV320AIC32X4_I2C; y; SND_SOC_TLV320AIC32X4_I2C; y
SND_SOC_TLV320AIC32X4_SPI; y; SND_SOC_TLV320AIC32X4_SPI; y
SND_COMPRESS_OFFLOAD; y; SND_COMPRESS_OFFLOAD; y
MIPS_EJTAG_FDC_KGDB_CHAN; 15; ; 
ZLIB_INFLATE; y; ZLIB_INFLATE; y
CHELSIO_T4; y; CHELSIO_T4; y
SND_SOC_WM2000; y; SND_SOC_WM2000; y
AD7791; y; AD7791; y
SND_SOC_NAU8824; y; SND_SOC_NAU8824; y
HAVE_PCSPKR_PLATFORM; y; HAVE_PCSPKR_PLATFORM; y
I8253_LOCK; y; I8253_LOCK; y
SND_SOC_ISABELLE; y; SND_SOC_ISABELLE; y
VIRT_CPU_ACCOUNTING; y; VIRT_CPU_ACCOUNTING; y
VIRT_CPU_ACCOUNTING_GEN; y; VIRT_CPU_ACCOUNTING_GEN; y
SERIAL_CORE_CONSOLE; y; SERIAL_CORE_CONSOLE; y
NET_SCH_SFQ; y; NET_SCH_SFQ; y
DEFAULT_SFQ; y; DEFAULT_SFQ; y
SND_JACK_INPUT_DEV; y; SND_JACK_INPUT_DEV; y
SND_JACK; y; SND_JACK; y
SCSI_SYM53C8XX_DEFAULT_TAGS; 16; SCSI_SYM53C8XX_DEFAULT_TAGS; 16
DVB_DRXD; y; DVB_DRXD; y
DMA_VIRTUAL_CHANNELS; y; DMA_VIRTUAL_CHANNELS; y
IBM_EMAC_RX_COPY_THRESHOLD; 0; ; 
NFC_PN544_I2C; y; NFC_PN544_I2C; y
COMEDI_NI_TIO; y; COMEDI_NI_TIO; y
SND_SOC_WM8978; y; SND_SOC_WM8978; y
SND_SOC_WM8961; y; SND_SOC_WM8961; y
CRC16; y; CRC16; y
USB_ZR364XX; y; USB_ZR364XX; y
MEMORY_ISOLATION; y; MEMORY_ISOLATION; y
ARCH_HAS_GIGANTIC_PAGE; y; ARCH_HAS_GIGANTIC_PAGE; y
RADIO_GEMTEK_PORT; 0x1; ; 
DVB_LNBH25; y; DVB_LNBH25; y
SND_SOC_PCM3008; y; SND_SOC_PCM3008; y
SND_SOC_INTEL_HASWELL; y; SND_SOC_INTEL_HASWELL; y
IP_SET_MAX; 1; ; 
CMDLINE; ""; ; 
HAVE_EBPF_JIT; y; HAVE_EBPF_JIT; y
PAGE_EXTENSION; y; PAGE_EXTENSION; y
VGA_ARB; y; VGA_ARB; y
RT2X00_LIB_USB; y; RT2X00_LIB_USB; y
BPF; y; BPF; y
DUMMY_CONSOLE; y; DUMMY_CONSOLE; y
SND_SOC_LM49453; y; SND_SOC_LM49453; y
SND_SST_IPC; y; SND_SST_IPC; y
SND_SOC_TAS5086; y; SND_SOC_TAS5086; y
ARCH_HAS_GCOV_PROFILE_ALL; y; ARCH_HAS_GCOV_PROFILE_ALL; y
ARCH_HAS_FAST_MULTIPLIER; y; ARCH_HAS_FAST_MULTIPLIER; y
SND_SOC_MAX9877; y; SND_SOC_MAX9877; y
CC_STACKPROTECTOR_REGULAR; y; CC_STACKPROTECTOR_REGULAR; y
VIDEO_MEDIATEK_VPU; y; VIDEO_MEDIATEK_VPU; y
SND_CS46XX; y; SND_CS46XX; y
SND_SOC_AC97_CODEC; y; SND_SOC_AC97_CODEC; y
USB_AN2720; y; USB_AN2720; y
VERSATILE_FPGA_IRQ_NR; 1; ; 
MTRR; y; MTRR; y
SYNC_FILE; y; SYNC_FILE; y
NO_BOOTMEM; y; NO_BOOTMEM; y
IP_VS_SH_TAB_BITS; 4; ; 
SCSI_DMA; y; SCSI_DMA; y
SND_FIREFACE; y; SND_FIREFACE; y
DVB_RTL2832_SDR; y; DVB_RTL2832_SDR; y
VIDEO_APTINA_PLL; y; VIDEO_APTINA_PLL; y
PANEL_LCD_PIN_SCL; 0; ; 
DRM_FBDEV_OVERALLOC; 100; DRM_FBDEV_OVERALLOC; 100
HAVE_GCC_PLUGINS; y; HAVE_GCC_PLUGINS; y
ARCH_HAS_FORTIFY_SOURCE; y; ARCH_HAS_FORTIFY_SOURCE; y
RCU_BOOST_DELAY; 0; ; 
DVB_ISL6405; y; DVB_ISL6405; y
NF_DUP_IPV6; y; NF_DUP_IPV6; y
CRYPTO_RNG_DEFAULT; y; CRYPTO_RNG_DEFAULT; y
SND_SOC_DA732X; y; SND_SOC_DA732X; y
INET_TCP_DIAG; y; INET_TCP_DIAG; y
QUOTA_TREE; y; QUOTA_TREE; y
RADIO_TEF6862; y; RADIO_TEF6862; y
DVB_USB_DIB3000MC; y; DVB_USB_DIB3000MC; y
INPUT_MATRIXKMAP; y; INPUT_MATRIXKMAP; y
DVB_LNBP22; y; DVB_LNBP22; y
MDIO; y; MDIO; y
HAVE_HARDLOCKUP_DETECTOR_PERF; y; HAVE_HARDLOCKUP_DETECTOR_PERF; y
MEDIA_TUNER_R820T; y; MEDIA_TUNER_R820T; y
MLXSW_I2C; y; MLXSW_I2C; y
EVM_X509_PATH; ""; ; 
VIDEO_CS3308; y; VIDEO_CS3308; y
SND_SOC_CQ0093VC; y; SND_SOC_CQ0093VC; y
SND_SOC_INTEL_SST_MATCH; y; SND_SOC_INTEL_SST_MATCH; y
DMA_SHARED_BUFFER; y; DMA_SHARED_BUFFER; y
SND_SOC_WM2200; y; SND_SOC_WM2200; y
RAPIDIO_DISC_TIMEOUT; 0; RAPIDIO_DISC_TIMEOUT; 0
DVB_ZD1301_DEMOD; y; DVB_ZD1301_DEMOD; y
SND_SOC_SSM4567; y; SND_SOC_SSM4567; y
SND_ATMEL_SOC_SSC; y; SND_ATMEL_SOC_SSC; y
SND_ATMEL_SOC_SSC_DMA; y; SND_ATMEL_SOC_SSC_DMA; y
SCSI_OSD_DPRINT_SENSE; 1; ; 
HAVE_USER_RETURN_NOTIFIER; y; HAVE_USER_RETURN_NOTIFIER; y
SND_SOC_TEGRA20_AC97; y; SND_SOC_TEGRA20_AC97; y
HAVE_FUNCTION_GRAPH_TRACER; y; HAVE_FUNCTION_GRAPH_TRACER; y
DLCI_MAX; 1; ; 
RCU_FANOUT_LEAF; 1; ; 
SPARSEMEM_VMEMMAP_ENABLE; y; SPARSEMEM_VMEMMAP_ENABLE; y
SND_SOC_RT5631; y; SND_SOC_RT5631; y
NETFILTER_SYNPROXY; y; NETFILTER_SYNPROXY; y
SND_SOC_SGTL5000; y; SND_SOC_SGTL5000; y
DEFAULT_SECURITY; "apparmor"; DEFAULT_SECURITY; ""
SND_SOC_CS4271; y; SND_SOC_CS4271; y
ARCH_HAVE_NMI_SAFE_CMPXCHG; y; ARCH_HAVE_NMI_SAFE_CMPXCHG; y
USB_F_ACM; y; USB_F_ACM; y
GENWQE_PLATFORM_ERROR_RECOVERY; 1; ; 
SND_SOC_WM8985; y; SND_SOC_WM8985; y
DVB_DIB8000; y; DVB_DIB8000; y
PREEMPT_VOLUNTARY; y; PREEMPT_VOLUNTARY; y
DVB_STB6000; y; DVB_STB6000; y
ACPI_LEGACY_TABLES_LOOKUP; y; ACPI_LEGACY_TABLES_LOOKUP; y
V4L2_FWNODE; y; V4L2_FWNODE; y
VIDEO_TVP5150; y; VIDEO_TVP5150; y
GENERIC_SMP_IDLE_THREAD; y; GENERIC_SMP_IDLE_THREAD; y
PANEL_LCD_HEIGHT; 1; ; 
SND_SOC_CS42L51; y; SND_SOC_CS42L51; y
SND_SOC_CS42L51_I2C; y; SND_SOC_CS42L51_I2C; y
CRYPTO_SHA256; y; CRYPTO_SHA256; y
VT_CONSOLE_SLEEP; y; VT_CONSOLE_SLEEP; y
BLK_DEV_IT8172; y; BLK_DEV_IT8172; y
ARCH_HAS_KCOV; y; ARCH_HAS_KCOV; y
VIDEOBUF_DMA_SG; y; VIDEOBUF_DMA_SG; y
VIDEO_SAA7146_VV; y; VIDEO_SAA7146_VV; y
EPOLL; y; EPOLL; y
SND_SOC_IMX_SPDIF; y; SND_SOC_IMX_SPDIF; y
DEFAULT_HOSTNAME; "(none)"; DEFAULT_HOSTNAME; "(none)"
CC_STACKPROTECTOR; y; CC_STACKPROTECTOR; y
FIX_EARLYCON_MEM; y; FIX_EARLYCON_MEM; y
X86_16BIT; y; X86_16BIT; y
X86_ESPFIX64; y; X86_ESPFIX64; y
SERIAL_MCF_BAUDRATE; 19200; ; 
CHECK_SIGNATURE; y; CHECK_SIGNATURE; y
DVB_MB86A20S; y; DVB_MB86A20S; y
X86_PAT; y; X86_PAT; y
SND_SOC_WM8995; y; SND_SOC_WM8995; y
MODULE_SIG_KEY; ""; ; 
SND_SOC_CS43130; y; SND_SOC_CS43130; y
USB_F_EEM; y; USB_F_EEM; y
SND_SOC_AD193X_SPI; y; SND_SOC_AD193X_SPI; y
ARCH_HAS_ADD_PAGES; y; ARCH_HAS_ADD_PAGES; y
PANEL_LCD_PIN_RS; 0; ; 
VIDEO_CS53L32A; y; VIDEO_CS53L32A; y
NFS_V4_1_IMPLEMENTATION_ID_DOMAIN; "kernel.org"; ; 
SND_SOC_WM8993; y; SND_SOC_WM8993; y
SND_HDA_INTEL; y; SND_HDA_INTEL; y
BLK_MQ_RDMA; y; BLK_MQ_RDMA; y
COMEDI_PCL816; y; COMEDI_PCL816; y
SND_SOC_IMX_PCM_DMA; y; SND_SOC_IMX_PCM_DMA; y
PINCTRL_SUNRISEPOINT; y; PINCTRL_SUNRISEPOINT; y
CHELSIO_LIB; y; CHELSIO_LIB; y
LSM_MMAP_MIN_ADDR; 65536; ; 
I2C_DESIGNWARE_CORE; y; I2C_DESIGNWARE_CORE; y
I2C_DESIGNWARE_PCI; y; I2C_DESIGNWARE_PCI; y
USB_F_SERIAL; y; USB_F_SERIAL; y
USB_CONFIGFS_SERIAL; y; USB_CONFIGFS_SERIAL; y
HARDLOCKUP_CHECK_TIMESTAMP; y; HARDLOCKUP_CHECK_TIMESTAMP; y
GENERIC_CLOCKEVENTS_MIN_ADJUST; y; GENERIC_CLOCKEVENTS_MIN_ADJUST; y
USB_U_ETHER; y; USB_U_ETHER; y
MII; y; MII; y
GENERIC_PCI_IOMAP; y; GENERIC_PCI_IOMAP; y
INPUT_EVDEV; y; INPUT_EVDEV; y
DVB_AV7110_IR; y; DVB_AV7110_IR; y
SND_SOC_MAX98090; y; SND_SOC_MAX98090; y
FB_SYS_IMAGEBLIT; y; FB_SYS_IMAGEBLIT; y
KALLSYMS_BASE_RELATIVE; y; KALLSYMS_BASE_RELATIVE; y
RT2X00_LIB_CRYPTO; y; RT2X00_LIB_CRYPTO; y
MEDIA_TUNER_MXL5005S; y; MEDIA_TUNER_MXL5005S; y
XZ_DEC_ARMTHUMB; y; XZ_DEC_ARMTHUMB; y
BATMAN_ADV_DEBUGFS; y; BATMAN_ADV_DEBUGFS; y
SQUASHFS_DECOMP_MULTI_PERCPU; y; SQUASHFS_DECOMP_MULTI_PERCPU; y
MAX_RAW_DEVS; 65536; ; 
MODULES_USE_ELF_RELA; y; MODULES_USE_ELF_RELA; y
VIDEO_VP27SMPX; y; VIDEO_VP27SMPX; y
ARCH_WANT_HUGE_PMD_SHARE; y; ARCH_WANT_HUGE_PMD_SHARE; y
SECURITY_TOMOYO_MAX_ACCEPT_ENTRY; 2147483647; ; 
V4L2_MEM2MEM_DEV; y; V4L2_MEM2MEM_DEV; y
AUDIT_ARCH; y; AUDIT_ARCH; y
SND_SOC_TLV320DAC33; y; SND_SOC_TLV320DAC33; y
SMS_SIANO_MDTV; y; SMS_SIANO_MDTV; y
PANEL_KEYPAD; 3; ; 
CRYPTO_TWOFISH_COMMON; y; CRYPTO_TWOFISH_COMMON; y
SND_SOC_UDA134X; y; SND_SOC_UDA134X; y
RADIO_TRUST_PORT; 350; ; 
VIDEO_TW9906; y; VIDEO_TW9906; y
RT2X00_LIB_FIRMWARE; y; RT2X00_LIB_FIRMWARE; y
SND_HDA_EXT_CORE; y; SND_HDA_EXT_CORE; y
VIDEO_MSP3400; y; VIDEO_MSP3400; y
DVB_ASCOT2E; y; DVB_ASCOT2E; y
BASE_SMALL; 0; BASE_SMALL; 0
HID_PICOLCD_LEDS; y; HID_PICOLCD_LEDS; y
USB_F_UVC; y; USB_F_UVC; y
ANDROID_BINDER_DEVICES; "binder,hwbinder,vndbinder"; ; 
DVB_DS3000; y; DVB_DS3000; y
CLKEVT_I8253; y; CLKEVT_I8253; y
CLKBLD_I8253; y; CLKBLD_I8253; y
VIDEO_WM8739; y; VIDEO_WM8739; y
FREEZER; y; FREEZER; y
SND_SOC_SIGMADSP_I2C; y; SND_SOC_SIGMADSP_I2C; y
ASSOCIATIVE_ARRAY; y; ASSOCIATIVE_ARRAY; y
MEDIA_TUNER_TEA5761; y; MEDIA_TUNER_TEA5761; y
BLK_DEV_DM_BUILTIN; y; BLK_DEV_DM_BUILTIN; y
SYSTEM_BLACKLIST_HASH_LIST; ""; ; 
DVB_TDA1004X; y; DVB_TDA1004X; y
LEDS_LP5523; y; LEDS_LP5523; y
RIONET_TX_SIZE; 128; RIONET_TX_SIZE; 128
NF_DEFRAG_IPV4; y; NF_DEFRAG_IPV4; y
NETFILTER_XT_TARGET_TPROXY; y; NETFILTER_XT_TARGET_TPROXY; y
VIDEO_WM8775; y; VIDEO_WM8775; y
SND_SOC_MAX98088; y; SND_SOC_MAX98088; y
SND_SOC_TAS571X; y; SND_SOC_TAS571X; y
DRM_PANEL_BRIDGE; y; DRM_PANEL_BRIDGE; y
DRM_MEGACHIPS_STDPXXXX_GE_B850V3_FW; y; DRM_MEGACHIPS_STDPXXXX_GE_B850V3_FW; y
HPET_TIMER; y; HPET_TIMER; y
BLK_DEV_IDEDMA_SFF; y; BLK_DEV_IDEDMA_SFF; y
SND_SOC_TPA6130A2; y; SND_SOC_TPA6130A2; y
HAVE_PERF_EVENTS_NMI; y; HAVE_PERF_EVENTS_NMI; y
ARCH_ENABLE_SPLIT_PMD_PTLOCK; y; ARCH_ENABLE_SPLIT_PMD_PTLOCK; y
NR_QUICK; 1; ; 
VIDEO_UPD64031A; y; VIDEO_UPD64031A; y
SND_SOC_RT286; y; SND_SOC_RT286; y
NF_LOG_COMMON; y; NF_LOG_COMMON; y
CRYPTO_ECDH; y; CRYPTO_ECDH; y
E1000E; y; E1000E; y
DEBUG_MEMORY_INIT; y; DEBUG_MEMORY_INIT; y
ARCH_MMAP_RND_BITS_DEFAULT; 1; ; 
SND_SEQ_MIDI_EVENT; y; SND_SEQ_MIDI_EVENT; y
RADIO_RTRACK_PORT; 30f; ; 
ACPI_PROCESSOR_CSTATE; y; ACPI_PROCESSOR_CSTATE; y
ARCH_WANTS_DYNAMIC_TASK_STRUCT; y; ARCH_WANTS_DYNAMIC_TASK_STRUCT; y
IP_NF_TARGET_TTL; y; IP_NF_TARGET_TTL; y
GENERIC_STRNLEN_USER; y; GENERIC_STRNLEN_USER; y
RTL8723_COMMON; y; RTL8723_COMMON; y
DVB_TDA10023; y; DVB_TDA10023; y
CRYPTO_SEQIV; y; CRYPTO_SEQIV; y
SERIAL_AR933X_NR_UARTS; 1; ; 
SND_SOC_MAX98925; y; SND_SOC_MAX98925; y
DVB_ZL10353; y; DVB_ZL10353; y
LNET_MAX_PAYLOAD; 0; ; 
FB_NEOMAGIC; y; FB_NEOMAGIC; y
CRYPTO_SHA512; y; CRYPTO_SHA512; y
XZ_DEC_POWERPC; y; XZ_DEC_POWERPC; y
SERIAL_8250_RUNTIME_UARTS; 4; ; 
MTD_NAND_DISKONCHIP_PROBE_ADDRESS; 0x1; ; 
HAVE_KERNEL_XZ; y; HAVE_KERNEL_XZ; y
ARCH_MMAP_RND_COMPAT_BITS; 0; ; 
ARCH_MMAP_RND_COMPAT_BITS_MIN; 0; ARCH_MMAP_RND_COMPAT_BITS_MIN; 8
MTD_BLOCK_RO; y; MTD_BLOCK_RO; y
NETFILTER_XT_TARGET_NOTRACK; y; NETFILTER_XT_TARGET_NOTRACK; y
GENERIC_ISA_DMA; y; GENERIC_ISA_DMA; y
SND_SOC_CS35L32; y; SND_SOC_CS35L32; y
HAVE_MEMBLOCK_NODE_MAP; y; HAVE_MEMBLOCK_NODE_MAP; y
XEN_BALLOON_MEMORY_HOTPLUG; y; XEN_BALLOON_MEMORY_HOTPLUG; y
XEN_BALLOON; y; XEN_BALLOON; y
SND_FIREWORKS; y; SND_FIREWORKS; y
X509_CERTIFICATE_PARSER; y; X509_CERTIFICATE_PARSER; y
SND_SOC_ES8328; y; SND_SOC_ES8328; y
SND_SOC_ES8328_SPI; y; SND_SOC_ES8328_SPI; y
SND_SOC_ES8328_I2C; y; SND_SOC_ES8328_I2C; y
SENSORS_ADM1026; y; SENSORS_ADM1026; y
DVB_SP887X; y; DVB_SP887X; y
SND_SOC_DA9055; y; SND_SOC_DA9055; y
X86_FEATURE_NAMES; y; X86_FEATURE_NAMES; y
RADIO_TYPHOON_PORT; 0x1; ; 
CONSTRUCTORS; y; CONSTRUCTORS; y
MEDIA_TUNER_MT2060; y; MEDIA_TUNER_MT2060; y
ARCH_DISCARD_MEMBLOCK; y; ARCH_DISCARD_MEMBLOCK; y
MTD_BLKDEVS; y; MTD_BLKDEVS; y
SND_VMASTER; y; SND_VMASTER; y
GRO_CELLS; y; GRO_CELLS; y
WIMAX_I2400M_DEBUG_LEVEL; 1; WIMAX_I2400M_DEBUG_LEVEL; 1
ARCH_USES_PG_UNCACHED; y; ARCH_USES_PG_UNCACHED; y
NODES_SHIFT; 10; ; 
SND_SOC_DIO2125; y; SND_SOC_DIO2125; y
SND_HDA_PREALLOC_SIZE; 64; SND_HDA_PREALLOC_SIZE; 64
MSP_FLASH_MAP_LIMIT; 0x02000000; ; 
SND_SOC_INTEL_HASWELL_MACH; y; SND_SOC_INTEL_HASWELL_MACH; y
FAT_DEFAULT_IOCHARSET; "iso8859-1"; ; 
NLS_DEFAULT; ""; NLS_DEFAULT; ""
MEDIA_TUNER_XC5000; y; MEDIA_TUNER_XC5000; y
IMA_MEASURE_PCR_IDX; 10; ; 
INSTRUCTION_DECODER; y; INSTRUCTION_DECODER; y
EFI_MAX_FAKE_MEM; 0; ; 
USBIP_VHCI_NR_HCS; 0; USBIP_VHCI_NR_HCS; 1
BLK_DEV_TC86C001; y; BLK_DEV_TC86C001; y
BLK_DEV_IDEDMA_PCI; y; BLK_DEV_IDEDMA_PCI; y
BLK_DEV_AMD74XX; y; BLK_DEV_AMD74XX; y
USB_NET_HUAWEI_CDC_NCM; y; USB_NET_HUAWEI_CDC_NCM; y
SND_SOC_TS3A227E; y; SND_SOC_TS3A227E; y
DVB_CX24110; y; DVB_CX24110; y
SERIAL_MCTRL_GPIO; y; SERIAL_MCTRL_GPIO; y
XZ_DEC_IA64; y; XZ_DEC_IA64; y
XZ_DEC_X86; y; XZ_DEC_X86; y
XZ_DEC_SPARC; y; XZ_DEC_SPARC; y
XZ_DEC_BCJ; y; XZ_DEC_BCJ; y
FW_LOADER; y; FW_LOADER; y
SND_SOC_WM8523; y; SND_SOC_WM8523; y
SND_SOC_UDA1380; y; SND_SOC_UDA1380; y
ARCH_CLOCKSOURCE_DATA; y; ARCH_CLOCKSOURCE_DATA; y
OF_ADDRESS_PCI; y; OF_ADDRESS_PCI; y
SND_SEQ_MIDI_EMUL; y; SND_SEQ_MIDI_EMUL; y
VIDEO_UDA1342; y; VIDEO_UDA1342; y
MEMORY_HOTPLUG_SPARSE; y; MEMORY_HOTPLUG_SPARSE; y
FB_GBE_MEM; 4; ; 
RTLBTCOEXIST; y; RTLBTCOEXIST; y
ARCH_SUPPORTS_DEFERRED_STRUCT_PAGE_INIT; y; ARCH_SUPPORTS_DEFERRED_STRUCT_PAGE_INIT; y
VIDEO_SAA7127; y; VIDEO_SAA7127; y
MMC_BLOCK; y; MMC_BLOCK; y
MMC_BLOCK_MINORS; 4; MMC_BLOCK_MINORS; 4
VIDEO_CX88_MPEG; y; VIDEO_CX88_MPEG; y
KERNELVERSION; "2.6.30-vamos"; ; 
GENERIC_TIME_VSYSCALL; y; GENERIC_TIME_VSYSCALL; y
SERIAL_SH_SCI_NR_UARTS; 0; SERIAL_SH_SCI_NR_UARTS; 0
VGASTATE; y; VGASTATE; y
FB_RADEON_BACKLIGHT; y; FB_RADEON_BACKLIGHT; y
CRYPTO_DEV_FSL_CAAM_RINGSIZE; 1; ; 
SERIAL_UARTLITE_CONSOLE; y; SERIAL_UARTLITE_CONSOLE; y
SERIAL_UARTLITE; y; SERIAL_UARTLITE; y
FB_MODE_HELPERS; y; FB_MODE_HELPERS; y
MTD_UBI_WL_THRESHOLD; 4096; MTD_UBI_WL_THRESHOLD; 4096
MEDIA_COMMON_OPTIONS; y; MEDIA_COMMON_OPTIONS; y
SND_SOC_CX20442; y; SND_SOC_CX20442; y
SGETMASK_SYSCALL; y; SGETMASK_SYSCALL; y
SQUASHFS_FRAGMENT_CACHE_SIZE; 3; SQUASHFS_FRAGMENT_CACHE_SIZE; 3
RTC_SYSTOHC_DEVICE; "rtc0"; ; 
TIMERFD; y; TIMERFD; y
SND_SAMSUNG_PCM; y; SND_SAMSUNG_PCM; y
PHYSICAL_ALIGN; 0x2000; PHYSICAL_ALIGN; 0x200000
MSNDPIN_IDE_IO0; 0x1; ; 
SND_SOC_AB8500_CODEC; y; SND_SOC_AB8500_CODEC; y
DE2104X_DSL; 1; DE2104X_DSL; 1
SRCARCH; "x86"; ; 
SND_SOC_WM8900; y; SND_SOC_WM8900; y
CDROM_PKTCDVD_BUFFERS; 8; ; 
HAVE_EXIT_THREAD; y; HAVE_EXIT_THREAD; y
PCI_DIRECT; y; PCI_DIRECT; y
CRYPTO_GF128MUL; y; CRYPTO_GF128MUL; y
MEDIA_TUNER_TDA18218; y; MEDIA_TUNER_TDA18218; y
USB_NET_QMI_WWAN; y; USB_NET_QMI_WWAN; y
CS5535_MFGPT_DEFAULT_IRQ; 1; CS5535_MFGPT_DEFAULT_IRQ; 7
SND_HDA_INPUT_BEEP_MODE; 0; ; 
SND_SOC_ALC5623; y; SND_SOC_ALC5623; y
CRYPTO_ARC4; y; CRYPTO_ARC4; y
HYPERV_KEYBOARD; y; HYPERV_KEYBOARD; y
SCSI_MPT2SAS; y; SCSI_MPT2SAS; y
AD_SIGMA_DELTA; y; AD_SIGMA_DELTA; y
HAVE_ARCH_TRACEHOOK; y; HAVE_ARCH_TRACEHOOK; y
DEBUG_KMEMLEAK_EARLY_LOG_SIZE; 0; ; 
DVB_LGDT3305; y; DVB_LGDT3305; y
HAVE_KRETPROBES; y; HAVE_KRETPROBES; y
USB_U_SERIAL; y; USB_U_SERIAL; y
INPUT_MOUSEDEV_SCREEN_X; 1024; ; 
DEFAULT_CFQ; y; DEFAULT_CFQ; y
KS0108_PORT; 0x1; KS0108_PORT; 0x1
DVB_NXT200X; y; DVB_NXT200X; y
GENERIC_HWEIGHT; y; GENERIC_HWEIGHT; y
HAVE_ACPI_APEI_NMI; y; HAVE_ACPI_APEI_NMI; y
ILLEGAL_POINTER_VALUE; 0x0; ILLEGAL_POINTER_VALUE; 0xdead000000000000
ARCH_HAS_SET_MEMORY; y; ARCH_HAS_SET_MEMORY; y
SECURITY_SELINUX_CHECKREQPROT_VALUE; 0; ; 
CMA_AREAS; 7; CMA_AREAS; 7
CRYPTO_NULL; y; CRYPTO_NULL; y
USB_VIDEO_CLASS; y; USB_VIDEO_CLASS; y
PINCTRL_DENVERTON; y; PINCTRL_DENVERTON; y
DVB_NXT6000; y; DVB_NXT6000; y
SND_SOC_WM5100; y; SND_SOC_WM5100; y
ARCH_HAS_SG_CHAIN; y; ARCH_HAS_SG_CHAIN; y
SND_SOC_WM1250_EV1; y; SND_SOC_WM1250_EV1; y
SND_SOC_ES8316; y; SND_SOC_ES8316; y
SND_SOC_WM0010; y; SND_SOC_WM0010; y
SND_SOC_CS42L42; y; SND_SOC_CS42L42; y
MTD_CFI_UTIL; y; MTD_CFI_UTIL; y
VIDEO_COBALT; y; VIDEO_COBALT; y
DVB_TUNER_CX24113; y; DVB_TUNER_CX24113; y
SND_SOC_ML26124; y; SND_SOC_ML26124; y
SND_SOC_WM8750; y; SND_SOC_WM8750; y
SND_SOC_CS42L56; y; SND_SOC_CS42L56; y
PMC_ATOM; y; PMC_ATOM; y
SND_SOC_DA7213; y; SND_SOC_DA7213; y
DVB_ATBM8830; y; DVB_ATBM8830; y
ARCH_RANDOM; y; ARCH_RANDOM; y
PINCONF; y; PINCONF; y
COMEDI_8254; y; COMEDI_8254; y
SND_SOC_NAU8825; y; SND_SOC_NAU8825; y
DVB_CXD2841ER; y; DVB_CXD2841ER; y
CRYPTO_CRCT10DIF; y; CRYPTO_CRCT10DIF; y
IIO_ADIS_LIB; y; IIO_ADIS_LIB; y
EDAC_SUPPORT; y; EDAC_SUPPORT; y
SND_SOC_MAX98926; y; SND_SOC_MAX98926; y
NET_SCH_FIFO; y; NET_SCH_FIFO; y
NF_NAT_NEEDED; y; NF_NAT_NEEDED; y
MEDIA_TUNER_MXL5007T; y; MEDIA_TUNER_MXL5007T; y
AIC79XX_RESET_DELAY_MS; 0; AIC79XX_RESET_DELAY_MS; 0
VIDEO_TVEEPROM; y; VIDEO_TVEEPROM; y
WEXT_SPY; y; WEXT_SPY; y
VGA_ARB_MAX_GPUS; 1; VGA_ARB_MAX_GPUS; 1
ARCH_HAS_STRICT_KERNEL_RWX; y; ARCH_HAS_STRICT_KERNEL_RWX; y
FB_SYS_FOPS; y; FB_SYS_FOPS; y
SND_SOC_MAX9850; y; SND_SOC_MAX9850; y
SND_SOC_CS42L52; y; SND_SOC_CS42L52; y
SCSI_MESH_RESET_DELAY_MS; 4000; ; 
SND_SOC_TEGRA_WM9712; y; SND_SOC_TEGRA_WM9712; y
FB_SYS_COPYAREA; y; FB_SYS_COPYAREA; y
DVB_DIB3000MB; y; DVB_DIB3000MB; y
PANEL_LCD_PIN_E; 17; ; 
HAVE_OPTPROBES; y; HAVE_OPTPROBES; y
MODULES_TREE_LOOKUP; y; MODULES_TREE_LOOKUP; y
MSNDPIN_MPU_IO; 0; ; 
HAVE_ARCH_TRANSPARENT_HUGEPAGE_PUD; y; HAVE_ARCH_TRANSPARENT_HUGEPAGE_PUD; y
DMA_ACPI; y; DMA_ACPI; y
HAVE_KERNEL_LZ4; y; HAVE_KERNEL_LZ4; y
PROC_PAGE_MONITOR; y; PROC_PAGE_MONITOR; y
SND_SOC_GTM601; y; SND_SOC_GTM601; y
VIDEO_TVAUDIO; y; VIDEO_TVAUDIO; y
BLK_DEV_LOOP_MIN_COUNT; 0; ; 
USB_NET_NET1080; y; USB_NET_NET1080; y
MSNDCLAS_IO; 0x0; ; 
USB_NET_CDC_MBIM; y; USB_NET_CDC_MBIM; y
USB_COMMON; y; USB_COMMON; y
DVB_SI2168; y; DVB_SI2168; y
FB_GEODE_LX; y; FB_GEODE_LX; y
ARMADA375_USBCLUSTER_PHY; y; ARMADA375_USBCLUSTER_PHY; y
FB_SYS_FILLRECT; y; FB_SYS_FILLRECT; y
M32R_CFC_NUM; 0; ; 
VIDEO_CX2341X; y; VIDEO_CX2341X; y
IO_DELAY_TYPE_0XED; 0; IO_DELAY_TYPE_0XED; 1
SND_SOC_TLV320AIC3X; y; SND_SOC_TLV320AIC3X; y
IRQ_WORK; y; IRQ_WORK; y
DEFAULT_TCP_CONG; "veno"; DEFAULT_TCP_CONG; "dctcp"
ARCH_USE_CMPXCHG_LOCKREF; y; ARCH_USE_CMPXCHG_LOCKREF; y
CMA_ALIGNMENT; 1; CMA_ALIGNMENT; 8
HAVE_ARCH_VMAP_STACK; y; HAVE_ARCH_VMAP_STACK; y
SND_SOC_WM8524; y; SND_SOC_WM8524; y
ATM_FORE200E_DEBUG; 1; ; 
VIDEO_SAA711X; y; VIDEO_SAA711X; y
SND_SOC_WM8727; y; SND_SOC_WM8727; y
BLK_DEV_OPTI621; y; BLK_DEV_OPTI621; y
INLINE_READ_UNLOCK_IRQ; y; INLINE_READ_UNLOCK_IRQ; y
SND_SOC_L3; y; SND_SOC_L3; y
DVB_S5H1411; y; DVB_S5H1411; y
ARCH_WANTS_THP_SWAP; y; ARCH_WANTS_THP_SWAP; y
SND_SOC_STAC9766; y; SND_SOC_STAC9766; y
SND_SOC_ES7134; y; SND_SOC_ES7134; y
USB_OHCI_HCD_PLATFORM; y; USB_OHCI_HCD_PLATFORM; y
SERIAL_CORE; y; SERIAL_CORE; y
SERIAL_MAX3100; y; SERIAL_MAX3100; y
VIDEO_CX25840; y; VIDEO_CX25840; y
DVB_DRXK; y; DVB_DRXK; y
DVB_STB0899; y; DVB_STB0899; y
RANDOMIZE_MEMORY_PHYSICAL_PADDING; 0x40; RANDOMIZE_MEMORY_PHYSICAL_PADDING; 0xa
ACPI_HOTPLUG_IOAPIC; y; ACPI_HOTPLUG_IOAPIC; y
DVB_TUNER_ITD1000; y; DVB_TUNER_ITD1000; y
COMEDI_ISADMA; y; COMEDI_ISADMA; y
MTD_PHYSMAP_COMPAT; y; MTD_PHYSMAP_COMPAT; y
MTD_PHYSMAP_START; 0x1; MTD_PHYSMAP_START; 0x1
DVB_USB_GP8PSK; y; DVB_USB_GP8PSK; y
DVB_OR51132; y; DVB_OR51132; y
XEN_SAVE_RESTORE; y; XEN_SAVE_RESTORE; y
ARCH_MMAP_RND_COMPAT_BITS_DEFAULT; 0; ; 
SND_SOC_STI_SAS; y; SND_SOC_STI_SAS; y
ANON_INODES; y; ANON_INODES; y
SIGNALFD; y; SIGNALFD; y
SND_SOC_AD1836; y; SND_SOC_AD1836; y
CRYPTO_MICHAEL_MIC; y; CRYPTO_MICHAEL_MIC; y
SND_SOC_WM_HUBS; y; SND_SOC_WM_HUBS; y
SND_SOC_WM8994; y; SND_SOC_WM8994; y
INLINE_WRITE_UNLOCK_IRQ; y; INLINE_WRITE_UNLOCK_IRQ; y
X86_FAST_FEATURE_TESTS; y; X86_FAST_FEATURE_TESTS; y
DVB_EC100; y; DVB_EC100; y
SND_SOC_SIGMADSP; y; SND_SOC_SIGMADSP; y
SND_SOC_SIGMADSP_REGMAP; y; SND_SOC_SIGMADSP_REGMAP; y
DMA_VIRT_OPS; y; DMA_VIRT_OPS; y
IP_VS_TAB_BITS; 8; ; 
SND_SOC_WM8960; y; SND_SOC_WM8960; y
ARM_VIC_NR; 2; ; 
ASN1; y; ASN1; y
MDIO_BUS_MUX; y; MDIO_BUS_MUX; y
DVB_CX24123; y; DVB_CX24123; y
GENERIC_PHY; y; GENERIC_PHY; y
IPV6_VTI; y; IPV6_VTI; y
CRYPTO_CRC32C; y; CRYPTO_CRC32C; y
DVB_CX24117; y; DVB_CX24117; y
DVB_CX24120; y; DVB_CX24120; y
PARPORT_NOT_PC; y; PARPORT_NOT_PC; y
SND_SOC_STA350; y; SND_SOC_STA350; y
MSNDPIN_MEM; 0x0; ; 
HAVE_LIVEPATCH; y; HAVE_LIVEPATCH; y
ARCH_HAS_CPU_RELAX; y; ARCH_HAS_CPU_RELAX; y
SECURITY_APPARMOR_BOOTPARAM_VALUE; 0; ; 
XEN_XENBUS_FRONTEND; y; XEN_XENBUS_FRONTEND; y
INPUT_XEN_KBDDEV_FRONTEND; y; INPUT_XEN_KBDDEV_FRONTEND; y
SND_SOC_WM8988; y; SND_SOC_WM8988; y
IPV6_GRE; y; IPV6_GRE; y
DRM_TTM; y; DRM_TTM; y
OUTPUT_FORMAT; "elf32-i386"; OUTPUT_FORMAT; "elf64-x86-64"
USB_EZUSB_FX2; y; USB_EZUSB_FX2; y
SND_SOC_NAU8540; y; SND_SOC_NAU8540; y
CRYPTO_KPP2; y; CRYPTO_KPP2; y
DCACHE_WORD_ACCESS; y; DCACHE_WORD_ACCESS; y
FHANDLE; y; FHANDLE; y
SND_SOC_CS42L73; y; SND_SOC_CS42L73; y
OPROFILE_NMI_TIMER; y; OPROFILE_NMI_TIMER; y
GENERIC_STRNCPY_FROM_USER; y; GENERIC_STRNCPY_FROM_USER; y
ARCH_MIGHT_HAVE_ACPI_PDC; y; ARCH_MIGHT_HAVE_ACPI_PDC; y
NEED_DMA_MAP_STATE; y; NEED_DMA_MAP_STATE; y
SWIOTLB; y; SWIOTLB; y
DVB_LGS8GXX; y; DVB_LGS8GXX; y
SCSI_SPI_ATTRS; y; SCSI_SPI_ATTRS; y
MEDIA_TUNER_FC0012; y; MEDIA_TUNER_FC0012; y
STACKTRACE; y; STACKTRACE; y
SECURITY_TOMOYO_POLICY_LOADER; ""; ; 
SND_SOC_WM8580; y; SND_SOC_WM8580; y
CONSOLE_LOGLEVEL_DEFAULT; 1; CONSOLE_LOGLEVEL_DEFAULT; 1
EDAC_ATOMIC_SCRUB; y; EDAC_ATOMIC_SCRUB; y
SND_HWDEP; y; SND_HWDEP; y
BFIN_TX_DESC_NUM; 10; ; 
FW_LOADER_USER_HELPER; y; FW_LOADER_USER_HELPER; y
LEDS_LP55XX_COMMON; y; LEDS_LP55XX_COMMON; y
NEED_PER_CPU_EMBED_FIRST_CHUNK; y; NEED_PER_CPU_EMBED_FIRST_CHUNK; y
SPLIT_PTLOCK_CPUS; 1; SPLIT_PTLOCK_CPUS; 4
VIDEO_SAA717X; y; VIDEO_SAA717X; y
DVB_CX24116; y; DVB_CX24116; y
BLK_DEV_RAM_COUNT; 1; ; 
OID_REGISTRY; y; OID_REGISTRY; y
CRYPTO_CRCT10DIF_PCLMUL; y; CRYPTO_CRCT10DIF_PCLMUL; y
SND_HDA_CODEC_CA0132_DSP; y; SND_HDA_CODEC_CA0132_DSP; y
NEED_PER_CPU_PAGE_FIRST_CHUNK; y; NEED_PER_CPU_PAGE_FIRST_CHUNK; y
VIDEOBUF_VMALLOC; y; VIDEOBUF_VMALLOC; y
DEFAULT_IOSCHED; ""; DEFAULT_IOSCHED; "cfq"
MEDIA_TUNER_MAX2165; y; MEDIA_TUNER_MAX2165; y
IRQ_FORCED_THREADING; y; IRQ_FORCED_THREADING; y
TRIX_BOOT_FILE; "/etc/sound/trxpro.hex"; ; 
THERMAL_EMERGENCY_POWEROFF_DELAY_MS; 0; THERMAL_EMERGENCY_POWEROFF_DELAY_MS; 0
DVB_GP8PSK_FE; y; DVB_GP8PSK_FE; y
NR_CPUS; 64; NR_CPUS; 1
SCLP_ASYNC_ID; ""; ; 
SERIAL_EARLYCON; y; SERIAL_EARLYCON; y
SND_SOC_AK4641; y; SND_SOC_AK4641; y
DVB_TDA10086; y; DVB_TDA10086; y
SCSI_SYM53C8XX_DMA_ADDRESSING_MODE; 1; SCSI_SYM53C8XX_DMA_ADDRESSING_MODE; 1
CRYPTO_MD5; y; CRYPTO_MD5; y
SND_SOC_TAS5720; y; SND_SOC_TAS5720; y
NEED_SG_DMA_LENGTH; y; NEED_SG_DMA_LENGTH; y
X86_SMAP; y; X86_SMAP; y
SERIAL_ARC_NR_PORTS; 1; SERIAL_ARC_NR_PORTS; 1
SND_HDA_CODEC_CONEXANT; y; SND_HDA_CODEC_CONEXANT; y
SBITMAP; y; SBITMAP; y
BOOTPARAM_HUNG_TASK_PANIC_VALUE; 0; BOOTPARAM_HUNG_TASK_PANIC_VALUE; 0
USB_NET_CDC_NCM; y; USB_NET_CDC_NCM; y
SND_SOC_CS4349; y; SND_SOC_CS4349; y
INLINE_READ_UNLOCK; y; INLINE_READ_UNLOCK; y
LEGACY_PTY_COUNT; 256; LEGACY_PTY_COUNT; 256
MEDIA_TUNER_QT1010; y; MEDIA_TUNER_QT1010; y
BFIN_RX_DESC_NUM; 64; ; 
UP_LATE_INIT; y; UP_LATE_INIT; y
FS_POSIX_ACL; y; FS_POSIX_ACL; y
EXPORTFS; y; EXPORTFS; y
DVB_TDA10048; y; DVB_TDA10048; y
SND_HDA_GENERIC; y; SND_HDA_GENERIC; y
SND_OXYGEN_LIB; y; SND_OXYGEN_LIB; y
SND_SOC_PCM3168A_SPI; y; SND_SOC_PCM3168A_SPI; y
CFG80211_CRDA_SUPPORT; y; CFG80211_CRDA_SUPPORT; y
SND_SOC_WM8996; y; SND_SOC_WM8996; y
RADIO_TYPHOON_MUTEFREQ; 0; ; 
SC6600_CDROM; 0; ; 
NETFILTER_XT_TARGET_HL; y; NETFILTER_XT_TARGET_HL; y
DEBUG_BUGVERBOSE; y; DEBUG_BUGVERBOSE; y
BUILDTIME_EXTABLE_SORT; y; BUILDTIME_EXTABLE_SORT; y
CRYPTO_RNG2; y; CRYPTO_RNG2; y
VM_EVENT_COUNTERS; y; VM_EVENT_COUNTERS; y
DVB_DIB7000P; y; DVB_DIB7000P; y
SND_ATMEL_SOC_DMA; y; SND_ATMEL_SOC_DMA; y
VIDEO_MT9M111; y; VIDEO_MT9M111; y
INLINE_SPIN_UNLOCK_IRQ; y; INLINE_SPIN_UNLOCK_IRQ; y
DVB_STV6110; y; DVB_STV6110; y
SND_SOC_ADAV801; y; SND_SOC_ADAV801; y
MTD_PHYSMAP_LEN; 0x0; MTD_PHYSMAP_LEN; 0x0
ZONE_DMA32; y; ZONE_DMA32; y
SND_SOC_PCM5102A; y; SND_SOC_PCM5102A; y
ARCH_MMAP_RND_COMPAT_BITS_MAX; 1; ARCH_MMAP_RND_COMPAT_BITS_MAX; 16
HAVE_CMPXCHG_DOUBLE; y; HAVE_CMPXCHG_DOUBLE; y
DVB_IX2505V; y; DVB_IX2505V; y
DVB_ISL6423; y; DVB_ISL6423; y
USB_NET_CDC_SUBSET_ENABLE; y; USB_NET_CDC_SUBSET_ENABLE; y
DVB_HELENE; y; DVB_HELENE; y
MAC80211_STA_HASH_MAX_SIZE; 1; MAC80211_STA_HASH_MAX_SIZE; 1
SND_JZ4740_SOC_I2S; y; SND_JZ4740_SOC_I2S; y
RADIO_SI476X; y; RADIO_SI476X; y
FONT_8x16; y; FONT_8x16; y
IRQCHIP; y; IRQCHIP; y
HAVE_CMPXCHG_LOCAL; y; HAVE_CMPXCHG_LOCAL; y
MSND_FIFOSIZE; 1; ; 
DUMMY_CONSOLE_ROWS; 0; DUMMY_CONSOLE_ROWS; 0
SND_SOC_WM9081; y; SND_SOC_WM9081; y
USB_OHCI_LITTLE_ENDIAN; y; USB_OHCI_LITTLE_ENDIAN; y
MTRR_SANITIZER_ENABLE_DEFAULT; 1; MTRR_SANITIZER_ENABLE_DEFAULT; 1
SND_SOC_SPDIF; y; SND_SOC_SPDIF; y
SND_SAMSUNG_SPDIF; y; SND_SAMSUNG_SPDIF; y
PCI_LOCKLESS_CONFIG; y; PCI_LOCKLESS_CONFIG; y
PANEL_LCD_PIN_SDA; 1; ; 
SND_SOC_WM9090; y; SND_SOC_WM9090; y
DEFAULT_NET_SCH; "pfifo_fast"; DEFAULT_NET_SCH; "sfq"
HWMON_VID; y; HWMON_VID; y
HAVE_ARCH_HUGE_VMAP; y; HAVE_ARCH_HUGE_VMAP; y
SERIAL_MPC52xx_CONSOLE_BAUD; 9600; ; 
VIDEOBUF_DMA_CONTIG; y; VIDEOBUF_DMA_CONTIG; y
DQL; y; DQL; y
INPUT_FF_MEMLESS; y; INPUT_FF_MEMLESS; y
SND_SOC_ADS117X; y; SND_SOC_ADS117X; y
SPARSEMEM_EXTREME; y; SPARSEMEM_EXTREME; y
DVB_SP2; y; DVB_SP2; y
MTRR_SANITIZER_SPARE_REG_NR_DEFAULT; 1; MTRR_SANITIZER_SPARE_REG_NR_DEFAULT; 1
EXTRA_FIRMWARE; ""; EXTRA_FIRMWARE; ""
MDIO_DEVICE; y; MDIO_DEVICE; y
VIDEO_SONY_BTF_MPX; y; VIDEO_SONY_BTF_MPX; y
MEDIA_TUNER_MT20XX; y; MEDIA_TUNER_MT20XX; y
EXTRA_FIRMWARE_DIR; ""; ; 
VIDEO_CS5345; y; VIDEO_CS5345; y
DEFAULT_HUNG_TASK_TIMEOUT; 1; DEFAULT_HUNG_TASK_TIMEOUT; 1
FB_BOOT_VESA_SUPPORT; y; FB_BOOT_VESA_SUPPORT; y
SECURITY_TOMOYO_MAX_AUDIT_LOG; 1024; ; 
SND_SOC_SSM2518; y; SND_SOC_SSM2518; y
DVB_OR51211; y; DVB_OR51211; y
KASAN_SHADOW_OFFSET; 0x0; KASAN_SHADOW_OFFSET; 0xdffffc0000000000
HAVE_MOD_ARCH_SPECIFIC; y; HAVE_MOD_ARCH_SPECIFIC; y
SND_SOC_ADAU7002; y; SND_SOC_ADAU7002; y
SND_SOC_WM8782; y; SND_SOC_WM8782; y
SND_SOC_SI476X; y; SND_SOC_SI476X; y
SND_SOC_RL6347A; y; SND_SOC_RL6347A; y
SND_SOC_RT298; y; SND_SOC_RT298; y
SYN_COOKIES; y; SYN_COOKIES; y
SND_PCM_IEC958; y; SND_PCM_IEC958; y
SND_SOC_AK4554; y; SND_SOC_AK4554; y
SND_SOC_AK4535; y; SND_SOC_AK4535; y
INLINE_WRITE_UNLOCK; y; INLINE_WRITE_UNLOCK; y
SCSI_SYM53C8XX_MAX_TAGS; 64; SCSI_SYM53C8XX_MAX_TAGS; 64
SND_SOC_WM8711; y; SND_SOC_WM8711; y
OMAP2_DSS_MIN_FCK_PER_PCK; 1; ; 
VIDEO_TW2804; y; VIDEO_TW2804; y
SND_PCM_ELD; y; SND_PCM_ELD; y
LOCKUP_DETECTOR; y; LOCKUP_DETECTOR; y
MEDIA_TUNER_FC0013; y; MEDIA_TUNER_FC0013; y
AUDIT_WATCH; y; AUDIT_WATCH; y
SND_SOC_MAX98095; y; SND_SOC_MAX98095; y
DVB_STB6100; y; DVB_STB6100; y
CLK_TWL6040; y; CLK_TWL6040; y
HAVE_GENERIC_GUP; y; HAVE_GENERIC_GUP; y
SND_SOC_SN95031; y; SND_SOC_SN95031; y
SND_HDA_DSP_LOADER; y; SND_HDA_DSP_LOADER; y
USB_GADGET_STORAGE_NUM_BUFFERS; 1; USB_GADGET_STORAGE_NUM_BUFFERS; 2
SCSI_NCR53C8XX_SYNC; 20; ; 
DVB_SI21XX; y; DVB_SI21XX; y
CPU_SUP_CENTAUR; y; CPU_SUP_CENTAUR; y
CONSOLE_TRANSLATIONS; y; CONSOLE_TRANSLATIONS; y
DUMMY_CONSOLE_COLUMNS; 160; DUMMY_CONSOLE_COLUMNS; 160
DVB_BCM3510; y; DVB_BCM3510; y
NETFILTER_XT_NAT; y; NETFILTER_XT_NAT; y
SND_SOC_CS35L33; y; SND_SOC_CS35L33; y
HAVE_MIXED_BREAKPOINTS_REGS; y; HAVE_MIXED_BREAKPOINTS_REGS; y
PANEL_LCD_CHARSET; 1; ; 
BLK_MQ_PCI; y; BLK_MQ_PCI; y
DVB_TC90522; y; DVB_TC90522; y
SND_SOC_MAX98504; y; SND_SOC_MAX98504; y
X86_CMOV; y; X86_CMOV; y
CLOCKSOURCE_WATCHDOG; y; CLOCKSOURCE_WATCHDOG; y
CMA_SIZE_MBYTES; 1; CMA_SIZE_MBYTES; 1
RADIO_AZTECH_PORT; 350; ; 
SERIAL_UARTLITE_NR_UARTS; 256; SERIAL_UARTLITE_NR_UARTS; 256
NOUVEAU_DEBUG_DEFAULT; 1; ; 
AIO; y; AIO; y
XEN_BALLOON_MEMORY_HOTPLUG_LIMIT; 0; XEN_BALLOON_MEMORY_HOTPLUG_LIMIT; 0
MTD_PHYSMAP_BANKWIDTH; 2; MTD_PHYSMAP_BANKWIDTH; 2
NOMMU_INITIAL_TRIM_EXCESS; 1; ; 
FB_CFB_FILLRECT; y; FB_CFB_FILLRECT; y
SND_SOC_WM8940; y; SND_SOC_WM8940; y
ADVISE_SYSCALLS; y; ADVISE_SYSCALLS; y
SERIAL_ALTERA_UART_BAUDRATE; 1; SERIAL_ALTERA_UART_BAUDRATE; 1
BOOTPARAM_SOFTLOCKUP_PANIC_VALUE; 1; BOOTPARAM_SOFTLOCKUP_PANIC_VALUE; 0
IOMMU_HELPER; y; IOMMU_HELPER; y
GENERIC_NET_UTILS; y; GENERIC_NET_UTILS; y
DVB_LGDT3306A; y; DVB_LGDT3306A; y
HAVE_C_RECORDMCOUNT; y; HAVE_C_RECORDMCOUNT; y
MAGIC_SYSRQ_DEFAULT_ENABLE; 0x0; ; 
SND_SOC_WM8753; y; SND_SOC_WM8753; y
HAVE_CLK_PREPARE; y; HAVE_CLK_PREPARE; y
DOUBLEFAULT; y; DOUBLEFAULT; y
CRYPTO_ALGAPI2; y; CRYPTO_ALGAPI2; y
RIONET_RX_SIZE; 128; RIONET_RX_SIZE; 128
VIDEOBUF_GEN; y; VIDEOBUF_GEN; y
DVB_STV0900; y; DVB_STV0900; y
SCSI_MPT3SAS_MAX_SGE; 1; SCSI_MPT3SAS_MAX_SGE; 128
NLATTR; y; NLATTR; y
KASAN_INLINE; y; KASAN_INLINE; y
ARCH_HAS_UACCESS_FLUSHCACHE; y; ARCH_HAS_UACCESS_FLUSHCACHE; y
VIDEO_OV7670; y; VIDEO_OV7670; y
PHYSICAL_START; 0x1; PHYSICAL_START; 0x1
SND_SOC_ADAV80X; y; SND_SOC_ADAV80X; y
SND_SOC_RT5514_SPI; y; SND_SOC_RT5514_SPI; y
KDB_DEFAULT_ENABLE; 0x1; ; 
USB_WDM; y; USB_WDM; y
SND_SOC_PCM3168A; y; SND_SOC_PCM3168A; y
MSNDCLAS_IRQ; 5; ; 
SND_SOC_TEGRA20_DAS; y; SND_SOC_TEGRA20_DAS; y
AIC7XXX_CMDS_PER_DEVICE; 0; ; 
STATIC_USERMODEHELPER_PATH; "/sbin/usermode-helper"; ; 
DVB_CX22700; y; DVB_CX22700; y
INITRAMFS_COMPRESSION; ".xz"; ; 
RTLWIFI_PCI; y; RTLWIFI_PCI; y
IIO_KFIFO_BUF; y; IIO_KFIFO_BUF; y
DVB_LG2160; y; DVB_LG2160; y
GPIO_ACPI; y; GPIO_ACPI; y
HAVE_COPY_THREAD_TLS; y; HAVE_COPY_THREAD_TLS; y
AUDIT_TREE; y; AUDIT_TREE; y
ARCH_USE_BUILTIN_BSWAP; y; ARCH_USE_BUILTIN_BSWAP; y
FB_CFB_IMAGEBLIT; y; FB_CFB_IMAGEBLIT; y
NET_EMATCH_STACK; 32; ; 
FB_CFB_COPYAREA; y; FB_CFB_COPYAREA; y
CLOCKSOURCE_VALIDATE_LAST_CYCLE; y; CLOCKSOURCE_VALIDATE_LAST_CYCLE; y
VIDEO_SAA7146; y; VIDEO_SAA7146; y
SND_SOC_AD193X; y; SND_SOC_AD193X; y
IO_DELAY_TYPE_0X80; 0; IO_DELAY_TYPE_0X80; 0
SND_SOC_PCM1681; y; SND_SOC_PCM1681; y
MSNDCLAS_PERM_FILE; "/etc/sound/msndperm.bin"; ; 
MSNDPIN_MPU_IRQ; 1; ; 
; ; SWAP; y
; ; CROSS_MEMORY_ATTACH; y
; ; CONTEXT_TRACKING_FORCE; y
; ; UTS_NS; y
; ; PID_NS; y
; ; NET_NS; y
; ; COMPAT_BRK; y
; ; SLAB_MERGE_DEFAULT; y
; ; TRACEPOINTS; y
; ; UPROBES; y
; ; SECCOMP_FILTER; y
; ; BLK_DEBUG_FS; y
; ; MSDOS_PARTITION; y
; ; EFI_PARTITION; y
; ; IOSCHED_DEADLINE; y
; ; MQ_IOSCHED_DEADLINE; y
; ; MQ_IOSCHED_KYBER; y
; ; X86_MPPARSE; y
; ; RETPOLINE; y
; ; SCHED_OMIT_FRAME_POINTER; y
; ; XEN_DOM0; y
; ; XEN_PVHVM; y
; ; XEN_512GB; y
; ; KVM_GUEST; y
; ; X86_MCE_INTEL; y
; ; X86_MCE_AMD; y
; ; X86_MCE_THRESHOLD; y
; ; X86_THERMAL_VECTOR; y
; ; PERF_EVENTS_INTEL_UNCORE; y
; ; PERF_EVENTS_INTEL_RAPL; y
; ; PERF_EVENTS_INTEL_CSTATE; y
; ; MICROCODE; y
; ; MICROCODE_INTEL; y
; ; MICROCODE_OLD_INTERFACE; y
; ; SPARSEMEM_VMEMMAP; y
; ; COMPACTION; y
; ; BOUNCE; y
; ; ARCH_USES_HIGH_VMA_FLAGS; y
; ; ARCH_HAS_PKEYS; y
; ; MTRR_SANITIZER; y
; ; X86_INTEL_MEMORY_PROTECTION_KEYS; y
; ; SECCOMP; y
; ; RELOCATABLE; y
; ; RANDOMIZE_BASE; y
; ; X86_NEED_RELOCS; y
; ; RANDOMIZE_MEMORY; y
; ; SUSPEND; y
; ; SUSPEND_FREEZER; y
; ; PM_GENERIC_DOMAINS; y
; ; PM_GENERIC_DOMAINS_SLEEP; y
; ; PM_GENERIC_DOMAINS_OF; y
; ; ACPI_SLEEP; y
; ; ACPI_REV_OVERRIDE_POSSIBLE; y
; ; ACPI_AC; y
; ; ACPI_BATTERY; y
; ; ACPI_BUTTON; y
; ; ACPI_FAN; y
; ; ACPI_CPU_FREQ_PSS; y
; ; ACPI_PROCESSOR_IDLE; y
; ; ACPI_PROCESSOR; y
; ; ACPI_THERMAL; y
; ; CPU_IDLE; y
; ; CPU_IDLE_GOV_LADDER; y
; ; XEN_PCIDEV_FRONTEND; y
; ; HT_IRQ; y
; ; PCMCIA_LOAD_CIS; y
; ; CARDBUS; y
; ; BINFMT_ELF; y
; ; ELFCORE; y
; ; CORE_DUMP_DEFAULT_ELF_HEADERS; y
; ; BINFMT_SCRIPT; y
; ; NET_INGRESS; y
; ; INET_TUNNEL; y
; ; INET_XFRM_MODE_TRANSPORT; y
; ; INET_XFRM_MODE_BEET; y
; ; TCP_CONG_BIC; y
; ; TCP_CONG_CUBIC; y
; ; TCP_CONG_WESTWOOD; y
; ; TCP_CONG_HTCP; y
; ; INET6_XFRM_MODE_TRANSPORT; y
; ; INET6_XFRM_MODE_BEET; y
; ; IPV6_SIT; y
; ; IPV6_NDISC_NODETYPE; y
; ; NET_PTP_CLASSIFY; y
; ; NETFILTER_INGRESS; y
; ; NF_CONNTRACK_PROCFS; y
; ; NF_CT_PROTO_DCCP; y
; ; NF_CT_PROTO_SCTP; y
; ; NF_CT_PROTO_UDPLITE; y
; ; NF_NAT_PROTO_DCCP; y
; ; NF_NAT_PROTO_UDPLITE; y
; ; NF_NAT_PROTO_SCTP; y
; ; NETFILTER_XT_MATCH_L2TP; y
; ; BATMAN_ADV_BLA; y
; ; CAN_RAW; y
; ; CAN_BCM; y
; ; CAN_GW; y
; ; CAN_CALC_BITTIMING; y
; ; BT_BREDR; y
; ; BT_HS; y
; ; BT_LE; y
; ; BT_DEBUGFS; y
; ; CFG80211_DEFAULT_PS; y
; ; LWTUNNEL_BPF; y
; ; UEVENT_HELPER; y
; ; PREVENT_FIRMWARE_BUILD; y
; ; FIRMWARE_IN_KERNEL; y
; ; SYS_HYPERVISOR; y
; ; MTD_OF_PARTS; y
; ; MTD_MAP_BANK_WIDTH_1; y
; ; MTD_MAP_BANK_WIDTH_2; y
; ; MTD_CFI_I1; y
; ; MTD_CFI_I2; y
; ; PNP_DEBUG_MESSAGES; y
; ; BLK_DEV; y
; ; XEN_BLKDEV_FRONTEND; y
; ; IDE_GD; y
; ; IDE_GD_ATA; y
; ; IDE_PROC_FS; y
; ; IDEPCI_PCIBUS_ORDER; y
; ; SCSI_PROC_FS; y
; ; SCSI_SAS_HOST_SMP; y
; ; AIC79XX_DEBUG_ENABLE; y
; ; AIC79XX_REG_PRETTY_PRINT; y
; ; AIC94XX_DEBUG; y
; ; HYPERV_STORAGE; y
; ; SCSI_SYM53C8XX_MMIO; y
; ; DM_CACHE_SMQ; y
; ; NET_VENDOR_ADAPTEC; y
; ; NET_VENDOR_AGERE; y
; ; NET_VENDOR_ALACRITECH; y
; ; NET_VENDOR_ALTEON; y
; ; NET_VENDOR_AMAZON; y
; ; NET_VENDOR_AQUANTIA; y
; ; NET_VENDOR_ARC; y
; ; NET_VENDOR_ATHEROS; y
; ; NET_CADENCE; y
; ; TIGON3_HWMON; y
; ; BNX2X_SRIOV; y
; ; BNXT_SRIOV; y
; ; BNXT_FLOWER_OFFLOAD; y
; ; NET_VENDOR_BROCADE; y
; ; NET_VENDOR_CAVIUM; y
; ; NET_VENDOR_CISCO; y
; ; NET_VENDOR_DLINK; y
; ; NET_VENDOR_EMULEX; y
; ; NET_VENDOR_EZCHIP; y
; ; NET_VENDOR_EXAR; y
; ; NET_VENDOR_FREESCALE; y
; ; NET_VENDOR_FUJITSU; y
; ; NET_VENDOR_HISILICON; y
; ; NET_VENDOR_HP; y
; ; NET_VENDOR_HUAWEI; y
; ; E1000E_HWTS; y
; ; IGB_HWMON; y
; ; IGB_DCA; y
; ; IXGBE_HWMON; y
; ; IXGBE_DCA; y
; ; NET_VENDOR_I825XX; y
; ; NET_VENDOR_MARVELL; y
; ; MLXSW_CORE_HWMON; y
; ; MLXSW_CORE_THERMAL; y
; ; MLXSW_SWITCHIB; y
; ; MLXSW_SWITCHX2; y
; ; MLXSW_SPECTRUM_DCB; y
; ; MLXSW_MINIMAL; y
; ; NET_VENDOR_MICREL; y
; ; NET_VENDOR_MICROCHIP; y
; ; MYRI10GE_DCA; y
; ; NET_VENDOR_NATSEMI; y
; ; NFP_APP_FLOWER; y
; ; NET_VENDOR_8390; y
; ; NET_VENDOR_NVIDIA; y
; ; NET_VENDOR_OKI; y
; ; NET_PACKET_ENGINE; y
; ; NET_VENDOR_QUALCOMM; y
; ; NET_VENDOR_REALTEK; y
; ; NET_VENDOR_RENESAS; y
; ; NET_VENDOR_RDC; y
; ; NET_VENDOR_ROCKER; y
; ; NET_VENDOR_SAMSUNG; y
; ; NET_VENDOR_SEEQ; y
; ; NET_VENDOR_SILAN; y
; ; NET_VENDOR_SIS; y
; ; SFC_MTD; y
; ; SFC_MCDI_MON; y
; ; SFC_SRIOV; y
; ; SFC_MCDI_LOGGING; y
; ; NET_VENDOR_STMICRO; y
; ; NET_VENDOR_SUN; y
; ; NET_VENDOR_TEHUTI; y
; ; NET_VENDOR_TI; y
; ; NET_VENDOR_VIA; y
; ; NET_VENDOR_XIRCOM; y
; ; NET_VENDOR_SYNOPSYS; y
; ; USB_BELKIN; y
; ; USB_ARMLINUX; y
; ; WLAN_VENDOR_ADMTEK; y
; ; WIL6210_ISR_COR; y
; ; WIL6210_TRACING; y
; ; WIL6210_DEBUGFS; y
; ; WLAN_VENDOR_ATMEL; y
; ; B43_PHY_N; y
; ; B43_PHY_HT; y
; ; B43_HWRNG; y
; ; WLAN_VENDOR_MARVELL; y
; ; WLAN_VENDOR_MEDIATEK; y
; ; RT2800PCI_RT33XX; y
; ; RT2800PCI_RT35XX; y
; ; RT2800PCI_RT53XX; y
; ; RT2800PCI_RT3290; y
; ; RT2800USB_RT33XX; y
; ; RT2800USB_RT35XX; y
; ; RTLWIFI_DEBUG; y
; ; RSI_DEBUGFS; y
; ; RSI_SDIO; y
; ; RSI_USB; y
; ; WLAN_VENDOR_ST; y
; ; WLAN_VENDOR_TI; y
; ; WLAN_VENDOR_ZYDAS; y
; ; WLAN_VENDOR_QUANTENNA; y
; ; XEN_NETDEV_FRONTEND; y
; ; CAPI_TRACE; y
; ; GIGASET_CAPI; y
; ; INPUT_LEDS; y
; ; INPUT_KEYBOARD; y
; ; KEYBOARD_ATKBD; y
; ; MOUSE_PS2; y
; ; MOUSE_PS2_ALPS; y
; ; MOUSE_PS2_BYD; y
; ; MOUSE_PS2_LOGIPS2PP; y
; ; MOUSE_PS2_SYNAPTICS; y
; ; MOUSE_PS2_SYNAPTICS_SMBUS; y
; ; MOUSE_PS2_CYPRESS; y
; ; MOUSE_PS2_LIFEBOOK; y
; ; MOUSE_PS2_TRACKPOINT; y
; ; MOUSE_PS2_FOCALTECH; y
; ; MOUSE_PS2_SMBUS; y
; ; MOUSE_ELAN_I2C_I2C; y
; ; TOUCHSCREEN_WM9705; y
; ; TOUCHSCREEN_WM9712; y
; ; TOUCHSCREEN_WM9713; y
; ; SERIO_I8042; y
; ; SERIO_LIBPS2; y
; ; VT_HW_CONSOLE_BINDING; y
; ; LEGACY_PTYS; y
; ; LDISC_AUTOLOAD; y
; ; DEVMEM; y
; ; SERIAL_SC16IS7XX_CORE; y
; ; SERIAL_SC16IS7XX_I2C; y
; ; HVC_DRIVER; y
; ; HVC_IRQ; y
; ; HVC_XEN; y
; ; HVC_XEN_FRONTEND; y
; ; HW_RANDOM; y
; ; HW_RANDOM_INTEL; y
; ; HW_RANDOM_AMD; y
; ; HW_RANDOM_VIA; y
; ; HW_RANDOM_MESON; y
; ; HW_RANDOM_CAVIUM; y
; ; HW_RANDOM_MTK; y
; ; DEVPORT; y
; ; ACPI_I2C_OPREGION; y
; ; I2C_COMPAT; y
; ; I2C_HELPER_AUTO; y
; ; PPS; y
; ; PTP_1588_CLOCK; y
; ; PTP_1588_CLOCK_DTE; y
; ; PTP_1588_CLOCK_KVM; y
; ; GENERIC_PINCTRL_GROUPS; y
; ; GENERIC_PINMUX_FUNCTIONS; y
; ; PINCTRL_INGENIC; y
; ; THERMAL; y
; ; THERMAL_HWMON; y
; ; THERMAL_OF; y
; ; THERMAL_WRITABLE_TRIPS; y
; ; THERMAL_DEFAULT_GOV_STEP_WISE; y
; ; THERMAL_GOV_STEP_WISE; y
; ; THERMAL_GOV_USER_SPACE; y
; ; HISI_THERMAL; y
; ; X86_PKG_TEMP_THERMAL; y
; ; MTK_THERMAL; y
; ; WATCHDOG_HANDLE_BOOT_ENABLED; y
; ; SIRFSOC_WATCHDOG; y
; ; BCMA_HOST_PCI; y
; ; BCMA_DRIVER_PCI; y
; ; RC_MAP; y
; ; RC_DECODERS; y
; ; IR_NEC_DECODER; y
; ; IR_RC5_DECODER; y
; ; IR_RC6_DECODER; y
; ; IR_JVC_DECODER; y
; ; IR_SONY_DECODER; y
; ; IR_SANYO_DECODER; y
; ; IR_SHARP_DECODER; y
; ; IR_MCE_KBD_DECODER; y
; ; IR_XMP_DECODER; y
; ; DVB_NET; y
; ; USB_VIDEO_CLASS_INPUT_EVDEV; y
; ; USB_GSPCA; y
; ; VIDEO_PVRUSB2_SYSFS; y
; ; VIDEO_GO7007_LOADER; y
; ; VIDEO_EM28XX_RC; y
; ; VIDEO_CX88_ENABLE_VP3054; y
; ; VIDEO_CX88_VP3054; y
; ; VIDEO_SAA7134_RC; y
; ; DVB_AV7110_OSD; y
; ; SMS_SIANO_RC; y
; ; DRM_KMS_FB_HELPER; y
; ; DRM_FBDEV_EMULATION; y
; ; FB_RADEON_I2C; y
; ; FB_MB862XX_I2C; y
; ; LCD_CLASS_DEVICE; y
; ; FRAMEBUFFER_CONSOLE; y
; ; FRAMEBUFFER_CONSOLE_DETECT_PRIMARY; y
; ; LOGO_LINUX_MONO; y
; ; LOGO_LINUX_VGA16; y
; ; LOGO_LINUX_CLUT224; y
; ; SND_SUPPORT_OLD_API; y
; ; SND_VERBOSE_PROCFS; y
; ; SND_CS46XX_NEW_DSP; y
; ; HID_A4TECH; y
; ; HID_APPLE; y
; ; HID_BELKIN; y
; ; HID_CHERRY; y
; ; HID_CHICONY; y
; ; HID_CYPRESS; y
; ; HID_EZKEY; y
; ; HID_ITE; y
; ; HID_KENSINGTON; y
; ; HID_LOGITECH; y
; ; HID_MICROSOFT; y
; ; HID_MONTEREY; y
; ; HID_PICOLCD_LCD; y
; ; USB_HID; y
; ; USB_PCI; y
; ; USB_DEFAULT_PERSIST; y
; ; USB_XHCI_PCI; y
; ; USB_EHCI_TT_NEWSCHED; y
; ; USB_EHCI_PCI; y
; ; USB_OHCI_HCD_PCI; y
; ; REALTEK_AUTOPM; y
; ; PWRSEQ_EMMC; y
; ; PWRSEQ_SIMPLE; y
; ; INFINIBAND_ADDR_TRANS; y
; ; INFINIBAND_ADDR_TRANS_CONFIGFS; y
; ; RENESAS_DMA; y
; ; SH_DMAE_BASE; y
; ; XEN_SCRUB_PAGES; y
; ; XEN_DEV_EVTCHN; y
; ; XEN_BACKEND; y
; ; XENFS; y
; ; XEN_COMPAT_XENFS; y
; ; XEN_SYS_HYPERVISOR; y
; ; XEN_GRANT_DEV_ALLOC; y
; ; XEN_PCIDEV_BACKEND; y
; ; XEN_AUTO_XLATE; y
; ; XEN_SYMS; y
; ; BCM_VIDEOCORE; y
; ; THINKPAD_ACPI_ALSA_SUPPORT; y
; ; THINKPAD_ACPI_VIDEO; y
; ; THINKPAD_ACPI_HOTKEY_POLL; y
; ; INTEL_SCU_IPC_UTIL; y
; ; COMMON_CLK_XGENE; y
; ; KXSD9_SPI; y
; ; KXSD9_I2C; y
; ; ARM_SCPI_POWER_DOMAIN; y
; ; DMIID; y
; ; EXT4_USE_FOR_EXT2; y
; ; OCFS2_FS_O2CB; y
; ; OCFS2_FS_STATS; y
; ; OCFS2_DEBUG_MASKLOG; y
; ; MANDATORY_FILE_LOCKING; y
; ; DNOTIFY; y
; ; INOTIFY_USER; y
; ; PRINT_QUOTA_WARNING; y
; ; PROC_VMCORE; y
; ; UBIFS_FS_LZO; y
; ; UBIFS_FS_ZLIB; y
; ; UBIFS_FS_SECURITY; y
; ; SQUASHFS_ZLIB; y
; ; NETWORK_FILESYSTEMS; y
; ; ENABLE_WARN_DEPRECATED; y
; ; ENABLE_MUST_CHECK; y
; ; UNUSED_SYMBOLS; y
; ; SECTION_MISMATCH_WARN_ONLY; y
; ; DETECT_HUNG_TASK; y
; ; SCHED_DEBUG; y
; ; NOP_TRACER; y
; ; TRACE_CLOCK; y
; ; RING_BUFFER; y
; ; EVENT_TRACING; y
; ; CONTEXT_SWITCH_TRACER; y
; ; TRACING; y
; ; FTRACE; y
; ; BRANCH_PROFILE_NONE; y
; ; UPROBE_EVENTS; y
; ; PROBE_EVENTS; y
; ; TRACING_EVENTS_GPIO; y
; ; X86_VERBOSE_BOOTUP; y
; ; X86_DEBUG_FPU; y
; ; PAGE_TABLE_ISOLATION; y
; ; CRYPTO_MANAGER_DISABLE_TESTS; y
; ; CRYPTO_ECHAINIV; y
; ; CRYPTO_DEFLATE; y
; ; CRYPTO_LZO; y
; ; VIRTUALIZATION; y
; ; BINARY_PRINTF; y
; ; ZLIB_DEFLATE; y
; ; LZO_COMPRESS; y
; ; LZO_DECOMPRESS; y
; ; GLOB; y
; ; FONT_8x8; y
