option,impossible_value
OMAP_SSI,{'y'  'm'}
FB_MB862XX_LIME,{'y'}
MTD_PXA2XX,{'y'  'm'}
PINCTRL_ARMADA_37XX,{'y'}
ARCH_INLINE_WRITE_LOCK_BH,{'y'}
MMC_SDHCI_BRCMSTB,{'y'  'm'}
IBM_EMAC_ZMII,{'y'}
HAVE_DMA_CONTIGUOUS,{'n'}
RESET_OXNAS,{'y'}
PAS_JOYSTICK,{'y'}
B43_PHY_LCN,{'y'}
SND_SOC_UX500_PLAT_MSP_I2S,{'y'  'm'}
HAVE_RCU_TABLE_FREE,{'n'}
PCI_HOST_COMMON,{'y'}
LUSTRE_TRANSLATE_ERRNOS,{'y'}
LEDS_S3C24XX,{'y'  'm'}
INLINE_WRITE_TRYLOCK,{'y'}
PINCTRL_TEGRA20,{'y'}
POWER_RESET_ST,{'y'}
SERIAL_KS8695,{'y'}
REGULATOR_TI_ABB,{'y'  'm'}
PINCTRL_ARTPEC6,{'y'}
ARMADA_375_CLK,{'y'}
MTD_LANTIQ,{'y'  'm'}
SND_SOC_SAMSUNG_SIMTEC,{'y'  'm'}
SND_DAVINCI_SOC_GENERIC_EVM,{'y'  'm'}
ARMADA_CP110_SYSCON,{'y'}
MMC_S3C,{'y'  'm'}
EDAC_ALTERA_SDMMC,{'y'}
GENERIC_FIND_FIRST_BIT,{'n'}
ARCH_HAS_ELF_RANDOMIZE,{'n'}
MTD_NAND_SLC_LPC32XX,{'y'  'm'}
OMAP2_DSS_DPI,{'y'}
CRYPTO_DEV_UX500,{'y'  'm'}
BATTERY_S3C_ADC,{'y'  'm'}
PCMCIA_FDOMAIN,{'y'}
SND_OMAP_SOC_MCPDM,{'y'  'm'}
DRM_IMX_TVE,{'y'  'm'}
ARCH_HAS_SG_CHAIN,{'n'}
DRM_STM,{'y'  'm'}
SND_AOA_TOONIE,{'y'  'm'}
AT91_CF,{'y'  'm'}
SND_S3C2412_SOC_I2S,{'y'  'm'}
A3000_SCSI,{'y'  'm'}
PINCTRL_DOVE,{'y'}
SAMPLE_KPROBES,{'y'}
ARMADA_37XX_CLK,{'y'}
WINDFARM_PM91,{'y'  'm'}
SPI_MXS,{'y'  'm'}
CRYPTO_DEV_UX500_CRYP,{'y'  'm'}
SND_EP93XX_SOC_EDB93XX,{'y'  'm'}
TI_DAVINCI_MDIO,{'y'  'm'}
COMMON_CLK_NXP,{'y'}
ARCH_HAS_STRICT_KERNEL_RWX,{'n'}
STIH407_RESET,{'y'}
DW_APB_TIMER_OF,{'y'}
SND_BF5XX_AC97,{'y'  'm'}
BMIPS_CPUFREQ,{'y'  'm'}
QCOM_GSBI,{'y'  'm'}
MTD_NAND_FSL_ELBC,{'y'  'm'}
CLKSRC_QCOM,{'y'}
XTENSA_XT2000_SONIC,{'y'  'm'}
HW_RANDOM_OMAP3_ROM,{'y'  'm'}
VF_PIT_TIMER,{'y'}
VFIO_AMBA,{'y'  'm'}
M32R_CFC,{'y'}
INLINE_READ_UNLOCK_BH,{'y'}
SERIAL_ZS_CONSOLE,{'y'}
PINCTRL_PFC_SH7724,{'y'}
NET_VENDOR_SGI,{'y'}
PINCTRL_PISTACHIO,{'y'}
SERIAL_M32R_SIO,{'y'}
EDAC_OCTEON_L2C,{'y'  'm'}
HAVE_ARCH_COMPILER_H,{'y'}
OMAP2_DSS_VENC,{'y'}
SOCFPGA_FPGA_BRIDGE,{'y'  'm'}
TXX9_DMAC,{'y'  'm'}
MSM_IOMMU,{'y'}
GENERIC_HWEIGHT,{'n'}
IXP4XX_HSS,{'y'  'm'}
VT6656,{'y'}
RTC_DRV_DS1216,{'y'  'm'}
SOC_TEGRA_PMC,{'y'}
PINCTRL_ARMADA_370,{'y'}
MTD_DC21285,{'y'  'm'}
BCM63XX_ENET,{'y'  'm'}
BVME6000_SCSI,{'y'  'm'}
LOCKDEP_SUPPORT,{'n'}
REED_SOLOMON_ENC16,{'y'}
RTC_DRV_GOLDFISH,{'y'  'm'}
SERIAL_MESON_CONSOLE,{'y'}
SERIAL_BFIN_PIO,{'y'}
I2C_BLACKFIN_TWI,{'y'  'm'}
SOUND_WAVEARTIST,{'y'  'm'}
ISP1301_OMAP,{'y'  'm'}
DT_IDLE_STATES,{'y'}
I2C_OPAL,{'y'  'm'}
FB_FFB,{'y'}
SCM_BLOCK,{'y'  'm'}
TOUCHSCREEN_HP600,{'y'  'm'}
MIPS_CPS_CPUIDLE,{'y'}
XPS_USB_HCD_XILINX,{'y'}
ARM_OMAP2PLUS_CPUFREQ,{'y'}
SND_SOC_SH4_SIU,{'y'  'm'}
UCC_FAST,{'y'}
PASEMI_MAC,{'y'  'm'}
SND_AOA_ONYX,{'y'  'm'}
ST_REMOTEPROC,{'y'  'm'}
FB_OMAP_LCDC_HWA742,{'y'}
PINCTRL_SUN5I,{'y'}
XILINX_SYSACE,{'y'  'm'}
PERF_EVENTS,{'n'}
VIDEO_OMAP2_VOUT,{'y'  'm'}
PINCTRL_DIGICOLOR,{'y'}
PINCTRL_S3C24XX,{'y'}
DRM_OMAP_ENCODER_OPA362,{'y'  'm'}
SERIAL_AR933X,{'y'  'm'}
ARM_S3C2410_CPUFREQ,{'y'}
TEGRA_HOST1X,{'y'  'm'}
VIDEO_EXYNOS_FIMC_LITE,{'y'  'm'}
FB_OMAP2_DSS_SLEEP_AFTER_VENC_RESET,{'y'}
CRYPTO_DEV_NIAGARA2,{'y'  'm'}
LNET,{'y'}
WINDFARM_PM81,{'y'  'm'}
WATCHDOG_SUN4V,{'y'  'm'}
TI_CPTS_MOD,{'y'  'm'}
SATA_AHCI_SEATTLE,{'y'  'm'}
SND_OMAP_SOC_N810,{'y'  'm'}
SERIAL_MUX,{'y'  'm'}
SERIAL_BFIN_UART3,{'y'}
POWER_RESET_AT91_SAMA5D2_SHDWC,{'y'  'm'}
VEXPRESS_CONFIG,{'y'}
NET_MEDIATEK_SOC,{'y'  'm'}
BATTERY_Z2,{'y'  'm'}
ARCH_SPARSEMEM_ENABLE,{'n'}
MTD_NAND_SUNXI,{'y'  'm'}
BFIN_OTP_WRITE_ENABLE,{'y'}
I2C_NOMADIK,{'y'  'm'}
ACPI_IORT,{'y'}
CRYPTO_SHA1_S390,{'y'  'm'}
IBM_PARTITION,{'y'}
KEYBOARD_W90P910,{'y'  'm'}
I2C_ST,{'y'  'm'}
NETIUCV,{'y'  'm'}
PPC_BESTCOMM_GEN_BD,{'y'  'm'}
CIFS_NFSD_EXPORT,{'y'}
DCACHE_WORD_ACCESS,{'n'}
INLINE_WRITE_LOCK,{'y'}
AHCI_TEGRA,{'y'  'm'}
MSNDPIN_NONPNP,{'y'}
DRM_IMX_PARALLEL_DISPLAY,{'y'  'm'}
BLK_DEV_IDE_PMAC_ATA100FIRST,{'y'}
FB_CFB_REV_PIXELS_IN_BYTE,{'y'}
PINCTRL_ORION,{'y'}
SCLP_ASYNC,{'y'  'm'}
FB_OMAP2_ENCODER_TPD12S015,{'y'  'm'}
SOC_TEGRA_PMC_TEGRA186,{'y'}
SCSI_SNI_53C710,{'y'  'm'}
FB_COBALT,{'y'  'm'}
USB_OHCI_EXYNOS,{'y'  'm'}
SND_SH7760_AC97,{'y'  'm'}
TOUCHSCREEN_W90X900,{'y'  'm'}
PWM_SAMSUNG,{'y'  'm'}
VLYNQ,{'y'}
FSL_IFC,{'y'}
ARM_PSCI_CHECKER,{'y'}
SND_DAVINCI_SOC_EVM,{'y'  'm'}
LD_DEAD_CODE_DATA_ELIMINATION,{'y'}
ARM_S3C2416_CPUFREQ_VCORESCALE,{'y'}
PINCTRL_IMX6UL,{'y'}
HW_RANDOM_IPROC_RNG200,{'y'  'm'}
GPIO_TZ1090_PDC,{'y'}
ARCH_INLINE_READ_UNLOCK_BH,{'y'}
DRM_ETNAVIV_REGISTER_LOGGING,{'y'}
ARM_ARCH_TIMER,{'y'}
I2C_SPRD,{'y'}
SND_HARMONY,{'y'  'm'}
KEYSTONE_IRQ,{'y'  'm'}
MCP,{'y'  'm'}
ZX2967_WATCHDOG,{'y'  'm'}
EXYNOS_PMU_ARM_DRIVERS,{'y'}
SND_SOC_MT2701_CS42448,{'y'  'm'}
HAVE_CBPF_JIT,{'y'}
HAVE_FUNCTION_TRACER,{'n'}
ARCH_INLINE_READ_LOCK,{'y'}
ARCH_HAS_FORTIFY_SOURCE,{'n'}
SCSI_A4000T,{'y'  'm'}
VMCP,{'y'}
WINDFARM,{'y'  'm'}
SND_PXA2XX_SOC_E740,{'y'  'm'}
SSI_PROTOCOL,{'y'  'm'}
IMX_WEIM,{'y'}
INPUT_SIRFSOC_ONKEY,{'y'  'm'}
PWM_BCM_KONA,{'y'  'm'}
FB_IGA,{'y'}
OF_PCI,{'m'}
PCIE_IPROC_PLATFORM,{'y'  'm'}
AHCI_SUNXI,{'y'  'm'}
USB_MXS_PHY,{'y'  'm'}
FB_CT65550,{'y'}
FB_68328,{'y'}
PCMCIA_VRC4171,{'y'  'm'}
HVC_CONSOLE,{'y'}
MINIX_FS_NATIVE_ENDIAN,{'y'}
SND_SOC_BFIN_EVAL_ADAV80X,{'y'  'm'}
BLK_DEV_IDE_TX4938,{'y'  'm'}
SND_PXA2XX_SOC_E800,{'y'  'm'}
GPIO_ALTERA_A10SR,{'y'  'm'}
DRM_ETNAVIV,{'y'  'm'}
DRM_OMAP_PANEL_DPI,{'y'  'm'}
KEYBOARD_BFIN,{'y'  'm'}
PCIE_QCOM,{'y'}
SERIAL_SB1250_DUART_CONSOLE,{'y'}
IBMVNIC,{'y'  'm'}
KEYBOARD_ATARI,{'y'  'm'}
DASD_DIAG,{'y'  'm'}
CLKSRC_NOMADIK_MTU,{'y'}
PWM_SPEAR,{'y'  'm'}
I2C_XGENE_SLIMPRO,{'y'  'm'}
FSL_BMAN_TEST_API,{'y'}
SGI_SNSC,{'y'}
ARM_RK3399_DMC_DEVFREQ,{'y'  'm'}
HAVE_KPROBES_ON_FTRACE,{'n'}
SOUND_YM3812,{'y'  'm'}
SERIAL_MPSC,{'y'}
SND_GSC,{'y'}
HSEM_U8500,{'y'  'm'}
SERIAL_M32R_PLDSIO,{'y'}
XGENE_SLIMPRO_MBOX,{'y'  'm'}
MTD_NAND_ORION,{'y'  'm'}
PCI_LAYERSCAPE,{'y'}
DECLANCE,{'y'  'm'}
EXYNOS_PMU,{'y'}
ARM_SMMU_V3,{'y'}
MTD_LPDDR2_NVM,{'y'  'm'}
SND_SOC_EUKREA_TLV320,{'y'  'm'}
PWM_TEGRA,{'y'  'm'}
MTD_NAND_JZ4740,{'y'  'm'}
ZORRO8390,{'y'  'm'}
ARCH_HAS_UBSAN_SANITIZE_ALL,{'n'}
ARCH_USE_BUILTIN_BSWAP,{'n'}
USB_ULPI,{'y'}
GEF_WDT,{'y'  'm'}
CPU_FREQ_CBE,{'y'  'm'}
SND_SUN_CS4231,{'y'  'm'}
XILINX_HWICAP,{'y'  'm'}
ARM_KS8695_ETHER,{'y'  'm'}
SND_SOC_SH4_HAC,{'y'  'm'}
EDAC_TILE,{'y'  'm'}
ROCKCHIP_ANALOGIX_DP,{'y'}
EDAC_ALTERA_L2C,{'y'}
ATMEL_EBI,{'y'}
PATA_BK3710,{'y'  'm'}
ARCH_INLINE_WRITE_LOCK,{'y'}
PINCTRL_SUN8I_A83T,{'y'}
ATH79_WDT,{'y'  'm'}
DRM_MSM_DSI_PLL,{'y'}
SB1250_MAC,{'y'  'm'}
GPIO_REG,{'y'}
CLKSRC_IMX_TPM,{'y'}
53C700_LE_ON_BE,{'y'}
SERIAL_ZS,{'y'  'm'}
FB_OMAP2_DSS_RFBI,{'y'}
KEYBOARD_NOMADIK,{'y'  'm'}
BLK_DEV_CY82C693,{'y'  'm'}
MTD_BCM47XX_PARTS,{'y'  'm'}
PHY_EXYNOS5250_SATA,{'y'  'm'}
VIRT_TO_BUS,{'n'}
FB_TCX,{'y'}
SND_SOC_NUC900,{'y'  'm'}
SOUND_MPU401,{'y'  'm'}
BLK_DEV_BUDDHA,{'y'  'm'}
PINCTRL_ABX500,{'y'}
QCOM_SMEM_STATE,{'y'}
GENERIC_CALIBRATE_DELAY,{'n'}
SGI_TIOCX,{'y'}
MMC_SDHCI_ESDHC_IMX,{'y'  'm'}
DRM_OMAP_PANEL_TPO_TD043MTEA1,{'y'  'm'}
SND_BF5XX_SOC_SSM2602,{'y'  'm'}
SC6600_JOY,{'y'}
SND_SOC_MT2701_WM8960,{'y'  'm'}
USB_OHCI_HCD_PPC_OF_BE,{'y'}
PINCTRL_PIC32MZDA,{'y'}
MVEBU_ODMI,{'y'}
XILINX_ZYNQMP_DMA,{'y'  'm'}
TEGRA_BPMP,{'y'}
ARM_CLPS711X_CPUIDLE,{'y'}
ZCRYPT,{'y'  'm'}
SND_AOA_TAS,{'y'  'm'}
HOTPLUG_PCI_RPA_DLPAR,{'y'  'm'}
MFD_IPAQ_MICRO,{'y'}
IRQ_FORCED_THREADING,{'n'}
ARM_EXYNOS5440_CPUFREQ,{'y'  'm'}
OCTEON_WDT,{'y'  'm'}
SND_ML403_AC97CR,{'y'  'm'}
SERIAL_PIC32,{'y'  'm'}
INPUT_COBALT_BTNS,{'y'  'm'}
TRIX_HAVE_BOOT,{'y'}
MTD_CFI_FLAGADM,{'y'  'm'}
MMC_JZ4740,{'y'  'm'}
FB_OMAP2,{'y'  'm'}
FB_GBE,{'y'}
USB_OHCI_HCD_LPC32XX,{'y'  'm'}
PCIE_MEDIATEK,{'y'}
ARM_PXA2xx_CPUFREQ,{'y'  'm'}
SERIAL_MSM,{'y'  'm'}
SSB_HOST_SOC,{'y'}
ARCH_SAVE_PAGE_KEYS,{'y'}
SPI_MPC52xx,{'y'  'm'}
ADB_IOP,{'y'}
KVM_ASYNC_PF_SYNC,{'y'}
BLK_DEV_SGIIOC4,{'y'  'm'}
CRYPTO_DEV_NX_COMPRESS,{'y'  'm'}
PINCTRL_SH_PFC,{'y'}
POWER_RESET_QNAP,{'y'}
NET_VENDOR_APPLE,{'y'}
I2C_ALTERA,{'y'  'm'}
HAVE_PERF_EVENTS,{'n'}
HI6220_MBOX,{'y'  'm'}
THREAD_INFO_IN_TASK,{'n'}
SND_SOC_AU1XAC97C,{'y'  'm'}
IBMVETH,{'y'  'm'}
LOCKDEP_SMALL,{'y'}
TEGRA_ACONNECT,{'y'  'm'}
SYS_SUPPORTS_SH_MTU2,{'y'}
MTD_TSUNAMI,{'y'  'm'}
USB_UHCI_SUPPORT_NON_PCI_HC,{'y'}
SCSI_ACORNSCSI_SYNC,{'y'}
TEGRA_IOMMU_GART,{'y'}
USB_MUSB_OMAP2PLUS,{'y'  'm'}
FB_OMAP,{'y'  'm'}
GPIO_MM_LANTIQ,{'y'}
IRQ_CROSSBAR,{'y'}
RTC_DRV_AC100,{'y'  'm'}
MMC_SDHCI_MSM,{'y'  'm'}
MTD_NAND_PASEMI,{'y'  'm'}
PINCTRL_SUN8I_H3_R,{'y'}
CRYPTO_SHA512_S390,{'y'  'm'}
IPMI_POWERNV,{'y'  'm'}
MTD_NAND_AMS_DELTA,{'y'  'm'}
CRYPTO_DEV_TALITOS1,{'y'}
SERIAL_CPM_CONSOLE,{'y'}
I2C_STU300,{'y'  'm'}
SERIAL_SAMSUNG,{'y'  'm'}
PARPORT_IP32,{'y'  'm'}
QCOM_ADSP_PIL,{'y'  'm'}
CRYPTO_AES_S390,{'y'  'm'}
SND_SOC_IMX_MC13783,{'y'  'm'}
QCOM_IRQ_COMBINER,{'y'}
REGULATOR_MT6380,{'y'  'm'}
SND_PXA2XX_SOC_TOSA,{'y'  'm'}
USB_OHCI_BIG_ENDIAN_DESC,{'y'}
FB_XVR500,{'y'}
FB_ARMCLCD,{'y'  'm'}
DRM_HDLCD,{'y'  'm'}
FSL_DMA,{'y'  'm'}
SND_SOC_BFIN_EVAL_ADAU1X81,{'y'  'm'}
IMX_GPCV2,{'y'}
FSL_HV_MANAGER,{'y'  'm'}
HYSDN,{'y'}
OMAP_IOMMU,{'y'}
SERIAL_NETX_CONSOLE,{'y'}
MIPS_CDMM,{'y'}
HVCS,{'y'  'm'}
JS_RTC,{'y'  'm'}
GELIC_NET,{'y'  'm'}
ARCH_INLINE_SPIN_TRYLOCK,{'y'}
FB_CYBER2000_I2C,{'y'}
SMSGIUCV,{'y'  'm'}
FB_LEO,{'y'}
CRYPTO_DEV_MXC_SCC,{'y'  'm'}
ARCH_INLINE_SPIN_UNLOCK_IRQRESTORE,{'y'}
GENERIC_SMP_IDLE_THREAD,{'n'}
SND_SOC_MT8173_RT5650_RT5676,{'y'  'm'}
BCM_FLEXRM_MBOX,{'y'  'm'}
SIBYTE_WDOG,{'y'  'm'}
CRYPTO_SHA256_SPARC64,{'y'  'm'}
ACPI_CCA_REQUIRED,{'y'}
ARM_STI_CPUFREQ,{'y'  'm'}
LOGO_SGI_CLUT224,{'y'}
SERIAL_SGI_IOC4,{'y'  'm'}
CRYPTO_DEV_UX500_HASH,{'y'  'm'}
CXL_AFU_DRIVER_OPS,{'y'}
HW_RANDOM_PASEMI,{'y'  'm'}
OMAP2_DSS_COLLECT_IRQ_STATS,{'y'}
DASD_FBA,{'y'  'm'}
FB_OMAP2_DSS_DEBUGFS,{'y'}
PATA_PALMLD,{'y'  'm'}
RTC_MC146818_LIB,{'n'}
ARM_TANGO_CPUFREQ,{'y'}
SH_DMAE_R8A73A4,{'y'}
SCSI_MAC53C94,{'y'  'm'}
LCD_TOSA,{'y'  'm'}
HOTPLUG_PCI_RPA,{'y'  'm'}
SND_PXA2XX_LIB_AC97,{'y'}
GENERIC_IO,{'n'}
SND_PXA2XX_SOC_IMOTE2,{'y'  'm'}
SND_MXC_SOC_WM1133_EV1,{'y'  'm'}
SERIAL_TEGRA,{'y'  'm'}
FIX_EARLYCON_MEM,{'n'}
SOUND_KAHLUA,{'y'  'm'}
SERIAL_GRLIB_GAISLER_APBUART,{'y'  'm'}
PINCTRL_OXNAS,{'y'}
SERIAL_BFIN,{'y'  'm'}
MTK_SMI,{'y'}
ARM_TEGRA186_CPUFREQ,{'y'  'm'}
USB_OHCI_ATH79,{'y'}
HW_RANDOM_N2RNG,{'y'  'm'}
SERIAL_MCF,{'y'}
TULIP_DM910X,{'y'}
GIC_NON_BANKED,{'y'}
BLK_DEV_IDE_PMAC,{'y'  'm'}
IBM_EMAC_EMAC4,{'y'}
HVC_OLD_HVSI,{'y'}
ARCH_INLINE_SPIN_UNLOCK,{'y'}
ARM_S3C2440_CPUFREQ,{'y'}
PHYLINK,{'y'  'm'}
PINCTRL_IMX6SL,{'y'}
DRM_OMAP_CONNECTOR_ANALOG_TV,{'y'  'm'}
CRYPTO_DEV_PPC4XX,{'y'  'm'}
ARCH_USES_GETTIMEOFFSET,{'y'}
SPIDER_NET,{'y'  'm'}
FB_OMAP2_ENCODER_TFP410,{'y'  'm'}
HP_SDC,{'y'  'm'}
MVEBU_GICP,{'y'}
BFIN_OTP,{'y'  'm'}
QCOM_BAM_DMA,{'y'  'm'}
SND_SOC_UX500_PLAT_DMA,{'y'  'm'}
USB_OCTEON_OHCI,{'y'}
CRYPTO_CRCT10DIF_VPMSUM,{'y'  'm'}
SND_SOC_MPC8610_HPCD,{'y'  'm'}
SERIAL_LANTIQ,{'y'}
DMA_NOOP_OPS,{'y'}
SERIAL_ETRAXFS,{'y'}
SND_SOC_NUC900_AC97,{'y'  'm'}
CRYPTO_DEV_BCM_SPU,{'y'  'm'}
RENESAS_INTC_IRQPIN,{'y'}
SSB_DRIVER_EXTIF,{'y'}
SERIAL_SIRFSOC_CONSOLE,{'y'}
SENSORS_S3C_RAW,{'y'}
MMC_SDHCI_S3C,{'y'  'm'}
FB_OMAP_MANUAL_UPDATE,{'y'}
SND_SOC_MT2701,{'y'  'm'}
ARM_GIC_V3,{'y'}
PINCTRL_PFC_SH7734,{'y'}
SND_BCM2835,{'y'  'm'}
SUNXI_SRAM,{'y'}
SERIAL_BFIN_SPORT2_UART,{'y'}
EDAC_AMD8131,{'y'  'm'}
QCOM_SCM,{'y'}
BLK_DEV_SL82C105,{'y'  'm'}
NET_VENDOR_NUVOTON,{'y'}
USB_XHCI_TEGRA,{'y'  'm'}
PINCTRL_SPEAR1340,{'y'}
SND_PXA2XX_SOC_MIOA701,{'y'  'm'}
AX88796,{'y'  'm'}
HAVE_HARDLOCKUP_DETECTOR_ARCH,{'y'}
INLINE_WRITE_LOCK_IRQSAVE,{'y'}
SND_MMP_SOC_BROWNSTONE,{'y'  'm'}
EP93XX_ADC,{'y'  'm'}
STNIC,{'y'  'm'}
HVC_RTAS,{'y'}
DRM_EXYNOS_ROTATOR,{'y'}
HAVE_HW_BREAKPOINT,{'n'}
SND_EP93XX_SOC_SNAPPERCL15,{'y'  'm'}
SND_SH_DAC_AUDIO,{'y'  'm'}
PCI_HOST_GENERIC,{'y'}
ARM_SA1110_CPUFREQ,{'y'}
PINCTRL_PFC_R8A7779,{'y'}
DRM_OMAP_PANEL_DSI_CM,{'y'  'm'}
MMP_DISP_SPI,{'y'}
FB_OMAP2_CONNECTOR_ANALOG_TV,{'y'  'm'}
A2091_SCSI,{'y'  'm'}
I2C_AT91,{'y'  'm'}
FSL_ERRATUM_A008585,{'y'}
PHY_RCAR_GEN3_USB2,{'y'  'm'}
SPI_PL022,{'y'  'm'}
ARCH_DISCARD_MEMBLOCK,{'n'}
LOGO_M32R_CLUT224,{'y'}
CRYPTO_TEST,{'y'}
M54xx_WATCHDOG,{'y'  'm'}
FB_OMAP2_PANEL_SHARP_LS037V7DW01,{'y'  'm'}
CLKSRC_MIPS_GIC,{'y'}
PWM_ATMEL_TCB,{'y'  'm'}
EFI_ARMSTUB,{'y'}
FS_ENET_HAS_FCC,{'y'}
AHCI_ST,{'y'  'm'}
HAS_IOPORT_MAP,{'n'}
PCCARD_IODYN,{'y'}
ARMADA_370_CLK,{'y'}
KEYBOARD_HP6XX,{'y'  'm'}
INLINE_READ_LOCK,{'y'}
PINCTRL_XWAY,{'y'}
RPMSG_VIRTIO,{'y'  'm'}
MFD_SUN6I_PRCM,{'y'}
PINCTRL_SPEAR1310,{'y'}
TOUCHSCREEN_HP7XX,{'y'  'm'}
PINCTRL_SPEAR,{'y'}
ARM_PMU,{'y'}
DRM_TILCDC,{'y'  'm'}
HAVE_GCC_PLUGINS,{'n'}
TCG_IBMVTPM,{'y'  'm'}
FB_PUV3_UNIGFX,{'y'  'm'}
MTD_NAND_JZ4780,{'y'  'm'}
ELECTRA_CF,{'y'  'm'}
EDAC_MV64X60,{'y'  'm'}
QCOM_Q6V5_PIL,{'y'  'm'}
ARCH_HAS_SCALED_CPUTIME,{'y'}
WINDFARM_PM112,{'y'  'm'}
VIDEO_BLACKFIN_CAPTURE,{'y'  'm'}
SND_SPEAR_SOC,{'y'  'm'}
PINCTRL_LANTIQ,{'y'}
PCI_HISI,{'y'}
PPC_BESTCOMM_FEC,{'y'  'm'}
SND_ATMEL_SOC_TSE850_PCM5142,{'y'  'm'}
MTD_NAND_PXA3xx,{'y'  'm'}
TI_CPSW,{'y'  'm'}
FB_TGA,{'y'  'm'}
ARM_TIMER_SP804,{'y'}
LOGO_SUN_CLUT224,{'y'}
AHCI_BRCM,{'y'  'm'}
PARPORT_SUNBPP,{'y'  'm'}
PINCTRL_IMX,{'y'}
SPI_FALCON,{'y'}
FB_MXS,{'y'  'm'}
INPUT_APMPOWER,{'y'  'm'}
CXL_LIB,{'y'}
USER_STACKTRACE_SUPPORT,{'n'}
CLKSRC_TANGO_XTAL,{'y'}
IRQ_MXS,{'y'}
MACE_AAUI_PORT,{'y'}
NTSC_YCBCR,{'y'}
HANDLE_DOMAIN_IRQ,{'y'}
S390_VMUR,{'y'  'm'}
SC6600,{'y'}
IMX_SDMA,{'y'  'm'}
RTC_DRV_PXA,{'y'  'm'}
CRYPTO_DEV_FSL_CAAM_INTC,{'y'}
LCS,{'y'  'm'}
OLD_SIGSUSPEND,{'y'}
PINCTRL_SUN8I_A23_R,{'y'}
MTD_NAND_NUC900,{'y'  'm'}
FB_OMAP2_PANEL_NEC_NL8048HL11,{'y'  'm'}
USB_TI_CPPI_DMA,{'y'}
SND_SOC_MT8173_RT5650_RT5514,{'y'  'm'}
ARMADA_370_XP_IRQ,{'y'}
LEDS_LOCOMO,{'y'  'm'}
THIN_ARCHIVES,{'n'}
I2C_QUP,{'y'  'm'}
IBM_EMAC,{'y'  'm'}
CXLFLASH,{'y'  'm'}
SCSI_ARXESCSI,{'y'  'm'}
SDH_BFIN,{'y'  'm'}
DRM_RCAR_DU,{'y'  'm'}
MMC_SDHCI_DOVE,{'y'  'm'}
PINCTRL_VF610,{'y'}
MTD_NAND_MPC5121_NFC,{'y'  'm'}
BCM2835_MBOX,{'y'  'm'}
NET_BFIN,{'y'}
INLINE_WRITE_LOCK_BH,{'y'}
FB_OMAP2_DSS_COLLECT_IRQ_STATS,{'y'}
HAVE_MEMBLOCK_NODE_MAP,{'n'}
LS_SCFG_MSI,{'y'}
IOMMU_PGTABLES_L2,{'y'}
ARCH_INIT_TASK,{'y'}
BFIN_SIR3,{'y'}
EDAC_SUPPORT,{'n'}
SUNBMAC,{'y'  'm'}
ARCH_INLINE_READ_UNLOCK_IRQRESTORE,{'y'}
ANON_INODES,{'n'}
PSS_HAVE_BOOT,{'y'}
NVEC_POWER,{'y'  'm'}
RTLLIB_CRYPTO_CCMP,{'y'}
MTD_NAND_OMAP2,{'y'  'm'}
SERIAL_VR41XX_CONSOLE,{'y'}
PINCTRL_SUN4I_A10,{'y'}
LOGO_BLACKFIN_CLUT224,{'y'}
PINCTRL_BF60x,{'y'}
ARCH_INLINE_SPIN_LOCK_BH,{'y'}
WKUP_M3_IPC,{'y'  'm'}
VLYNQ_DEBUG,{'y'}
KEYBOARD_LPC32XX,{'y'  'm'}
AHCI_DA850,{'y'  'm'}
HW_RANDOM_PPC4XX,{'y'}
PINCTRL_ARMADA_375,{'y'}
FS_ENET,{'y'  'm'}
PINCTRL_TEGRA,{'y'}
NET_VENDOR_IBM,{'y'}
SA1100_WATCHDOG,{'y'  'm'}
SERIAL_8250_OMAP_TTYO_FIXUP,{'y'}
QCOM_SMP2P,{'y'  'm'}
BLK_DEV_IDE_ICSIDE,{'y'  'm'}
SERIO_AMS_DELTA,{'y'  'm'}
SERIO_GSCPS2,{'y'  'm'}
DRM_HISI_KIRIN,{'y'  'm'}
HAVE_ARM_SMCCC,{'y'}
BCMA_POSSIBLE,{'n'}
SOUND_DMAP,{'y'}
FB_HP300,{'y'}
ARM_S3C2416_CPUFREQ,{'y'}
PTP_1588_CLOCK_IXP46X,{'y'  'm'}
LCD_HP700,{'y'  'm'}
CRYPTO_DEV_FSL_CAAM_CRYPTO_API_QI,{'y'  'm'}
CRYPTO_DEV_FSL_CAAM_RNG_API,{'y'  'm'}
SCSI_ACORNSCSI_3,{'y'  'm'}
USB_EHCI_HCD_PPC_OF,{'y'}
PATA_OCTEON_CF,{'y'  'm'}
POWERNV_OP_PANEL,{'y'  'm'}
PINCTRL_SPEAR_PLGPIO,{'y'}
NEED_SG_DMA_LENGTH,{'n'}
FB_PRE_INIT_FB,{'y'}
SND_PXA2XX_PCM,{'y'  'm'}
PINCTRL_SUN9I_A80_R,{'y'}
INLINE_WRITE_UNLOCK_IRQRESTORE,{'y'}
RALINK_WDT,{'y'  'm'}
GENERIC_IRQ_SHOW_LEVEL,{'y'}
BACKLIGHT_ATMEL_LCDC,{'y'}
BCMA_DRIVER_MIPS,{'y'}
RTC_DRV_PL030,{'y'  'm'}
VFIO_PLATFORM,{'y'  'm'}
PCMCIA_AHA152X,{'y'}
FSL_RAID,{'y'  'm'}
LTE_GDM724X,{'y'}
JZ4780_NEMC,{'y'}
ARM_GLOBAL_TIMER,{'y'}
SERIAL_EFM32_UART,{'y'  'm'}
SND_PXA2XX_SOC_E750,{'y'  'm'}
HISILICON_IRQ_MBIGEN,{'y'}
HAVE_EFFICIENT_UNALIGNED_ACCESS,{'n'}
BLK_DEV_COW_COMMON,{'y'}
DRM_MESON,{'y'  'm'}
CRYPTO_AES_SPARC64,{'y'  'm'}
DRM_ZTE,{'y'  'm'}
PINCTRL_PFC_SH7722,{'y'}
PINCTRL_PFC_R8A7778,{'y'}
LEDS_NS2,{'y'  'm'}
NWBUTTON_REBOOT,{'y'}
ANSLCD,{'y'  'm'}
SOUND_PSS,{'y'  'm'}
SCSI_CUMANA_2,{'y'  'm'}
EDAC_PASEMI,{'y'  'm'}
IMX_DMA,{'y'  'm'}
DRM_OMAP_CONNECTOR_HDMI,{'y'  'm'}
SND_SOC_SAMSUNG_S3C24XX_UDA134X,{'y'  'm'}
SERIAL_21285,{'y'  'm'}
CAN_MPC5XXX,{'y'  'm'}
FB_OMAP2_DSS,{'y'  'm'}
GPIO_GE_FPGA,{'y'}
SPEAR13XX_PCIE_GADGET,{'y'}
ARMADA_39X_CLK,{'y'}
KEYBOARD_NSPIRE,{'y'  'm'}
HWSPINLOCK_QCOM,{'y'  'm'}
PNX833X_WDT,{'y'  'm'}
ATMEL_TCLIB,{'y'}
MVEBU_MBUS,{'y'}
KEYBOARD_IMX,{'y'  'm'}
HARDIRQS_SW_RESEND,{'y'}
PWM_MXS,{'y'  'm'}
SND_SOC_TTC_DKB,{'y'  'm'}
UGETH_TX_ON_DEMAND,{'y'}
PINCTRL_AT91PIO4,{'y'}
SND_BF5XX_SOC_AD1836,{'y'  'm'}
SERIAL_HS_LPC32XX,{'y'  'm'}
PWM_ZX,{'y'  'm'}
PINCTRL_ARMADA_AP806,{'y'}
USB_OHCI_HCD_SPEAR,{'y'  'm'}
SH_SIR,{'y'  'm'}
PAL_YCBCR,{'y'}
DRM_EXYNOS_GSC,{'y'}
DRM_EXYNOS_DP,{'y'}
PWM_EP93XX,{'y'  'm'}
CRYPTO_DES_S390,{'y'  'm'}
S390_PRNG,{'y'  'm'}
HAVE_64BIT_ALIGNED_ACCESS,{'y'}
AGP_ALPHA_CORE,{'y'  'm'}
CRYPTO_DEV_SUN4I_SS,{'y'  'm'}
EDAC_ALTERA_QSPI,{'y'}
DEBUG_KMEMLEAK_TEST,{'y'}
SND_SOC_MT8173_MAX98090,{'y'  'm'}
DEVFREQ_EVENT_ROCKCHIP_DFI,{'y'  'm'}
DRM_ANALOGIX_DP,{'y'  'm'}
PINCTRL_SUN50I_H5,{'y'}
HASH_DEV_STM32,{'y'  'm'}
COMMON_CLK_PIC32,{'y'}
SUN3X_ESP,{'y'}
SPI_FSL_CPM,{'y'  'm'}
EXYNOS_IOMMU_DEBUG,{'y'}
MTD_NAND_DAVINCI,{'y'  'm'}
PINCTRL_ARMADA_38X,{'y'}
MSNDCLAS_HAVE_BOOT,{'y'}
BLK_DEV_Q40IDE,{'y'  'm'}
ARCH_MIGHT_HAVE_PC_SERIO,{'n'}
FB_SH7760,{'y'}
MTD_NAND_FSMC,{'y'  'm'}
XEN_ACPI_HOTPLUG_CPU,{'y'  'm'}
ARM_S3C24XX_CPUFREQ_DEBUG,{'y'}
ATMEL_AIC5_IRQ,{'y'}
PHY_MVEBU_SATA,{'y'}
NET_NETX,{'y'  'm'}
HAVE_COPY_THREAD_TLS,{'n'}
SIRF_DMA,{'y'  'm'}
DSCC4,{'y'}
FB_BFIN_T350MCQB,{'y'  'm'}
RTC_DRV_ALPHA,{'y'}
SERIAL_VR41XX,{'y'  'm'}
SERIAL_SUNSU_CONSOLE,{'y'}
SERIAL_VT8500,{'y'}
TI_DAVINCI_EMAC,{'y'  'm'}
ARM_SBSA_WATCHDOG,{'y'  'm'}
MMC_SDHCI_CNS3XXX,{'y'  'm'}
HWSPINLOCK_SIRF,{'y'  'm'}
I2C_BCM2835,{'y'  'm'}
UML_RANDOM,{'y'  'm'}
MFD_ALTERA_A10SR,{'y'}
FSL_QMAN_TEST,{'y'  'm'}
MFD_TC6387XB,{'y'}
FSL_DPAA_CHECKING,{'y'}
SND_DM365_VOICE_CODEC,{'y'  'm'}
SERIAL_IP22_ZILOG,{'y'  'm'}
LEDS_HP6XX,{'y'  'm'}
TN3270_FS,{'y'  'm'}
SOC_TEGRA_POWERGATE_BPMP,{'y'}
TI_CPPI41,{'y'  'm'}
I2C_CPM,{'y'  'm'}
PWM_BERLIN,{'y'  'm'}
FSL_MC_DPIO,{'y'  'm'}
MIPS_AU1X00_ENET,{'y'  'm'}
FARADAY_FTINTC010,{'y'}
BFIN_JTAG_COMM_CONSOLE,{'y'}
SND_ARM,{'y'}
BLK_DEV_FALCON_IDE,{'y'  'm'}
SERIAL_PXA_CONSOLE,{'y'}
SND_BF5XX_MULTICHAN_SUPPORT,{'y'}
HAVE_ARCH_AUDITSYSCALL,{'n'}
USB_EHCI_HCD_ORION,{'y'  'm'}
ARM_PL172_MPMC,{'y'  'm'}
LNET_XPRT_IB,{'y'}
ATH5K_AHB,{'y'}
PINCTRL_ADI2,{'y'}
PCMCIA_SA1100,{'y'  'm'}
GPIO_EP93XX,{'y'}
CRYPTO_SHA512_OCTEON,{'y'  'm'}
SCSI_MESH,{'y'  'm'}
ORION_WATCHDOG,{'y'  'm'}
USB_MUSB_AM35X,{'y'  'm'}
USB_PXA25X,{'y'  'm'}
INLINE_READ_LOCK_IRQ,{'y'}
SND_SOC_SAMSUNG_RX1950_UDA1380,{'y'  'm'}
SERIAL_TXX9_CONSOLE,{'y'}
U300_TIMER,{'y'}
CPU_FREQ_CBE_PMI,{'y'}
POWER_RESET_XGENE,{'y'}
PINCTRL_PFC_R8A7791,{'y'}
TI_DAVINCI_CPDMA,{'y'  'm'}
SND_SOC_DB1200,{'y'  'm'}
HVC_BFIN_JTAG,{'y'}
SND_PXA2XX_SOC_PALM27X,{'y'}
USB_EHCI_HCD_STI,{'y'  'm'}
ARM_NVIC,{'y'}
SCSI_MOD,{'n'}
INFINIBAND_USER_ACCESS_UCM,{'y'}
USB_OHCI_HCD_PPC_OF_LE,{'y'}
MTK_IOMMU,{'y'}
QCOM_CLK_SMD_RPM,{'y'  'm'}
SAMPLE_SECCOMP,{'y'}
SERIAL_MPC52xx_CONSOLE,{'y'}
SERIAL_PXA,{'y'}
PHY_EXYNOS4X12_USB2,{'y'}
BATTERY_PMU,{'y'  'm'}
PINCTRL_PFC_R8A77995,{'y'}
USB_W90X900_EHCI,{'y'  'm'}
SND_AICA,{'y'  'm'}
HMC_DRV,{'y'  'm'}
FB_S3C2410,{'y'  'm'}
MTD_XIP,{'y'}
SPI_MPC52xx_PSC,{'y'  'm'}
KEYBOARD_IPAQ_MICRO,{'y'  'm'}
GPIO_LOONGSON1,{'y'  'm'}
I2C_HIGHLANDER,{'y'  'm'}
XEN_STUB,{'y'}
AGP_SGI_TIOCA,{'y'  'm'}
CRYPTO_VPMSUM_TESTER,{'y'  'm'}
PWM_MESON,{'y'  'm'}
MMC_QCOM_DML,{'y'}
PINCTRL_ARMADA_CP110,{'y'}
CRYPTO_DEV_FSL_CAAM_JR,{'y'  'm'}
MAY_HAVE_SPARSE_IRQ,{'y'}
DECOMPRESS_LZMA,{'m'}
I2C_DAVINCI,{'y'  'm'}
FB_HIT,{'y'  'm'}
PHY_BERLIN_SATA,{'y'  'm'}
I2C_SIBYTE,{'y'  'm'}
SOUND_MSNDPIN,{'y'  'm'}
PHY_BERLIN_USB,{'y'  'm'}
SENSORS_ULTRA45,{'y'  'm'}
CRYPTO_SHA1_PPC_SPE,{'y'  'm'}
XGENE_PMU,{'y'}
LOONGSON1_WDT,{'y'  'm'}
PWM_BRCMSTB,{'y'  'm'}
HVC_UDBG,{'y'}
HP_SDC_RTC,{'y'  'm'}
PINCTRL_TEGRA210,{'y'}
SND_SPEAR_SPDIF_IN,{'y'  'm'}
ARCH_WANTS_DYNAMIC_TASK_STRUCT,{'n'}
PINCTRL_IMX7D,{'y'}
IBM_BSR,{'y'  'm'}
PINCTRL_IMX6SX,{'y'}
FB_OMAP2_PANEL_DSI_CM,{'y'  'm'}
GENERIC_CLOCKEVENTS,{'n'}
TEGRA_TIMER,{'y'}
SSB_PCICORE_HOSTMODE,{'y'}
HW_RANDOM_MSM,{'y'  'm'}
CLOCKSOURCE_VALIDATE_LAST_CYCLE,{'n'}
21285_WATCHDOG,{'y'  'm'}
SND_OMAP_SOC_HDMI_AUDIO,{'y'  'm'}
CRYPTO_DEV_ROCKCHIP,{'y'  'm'}
INSTRUCTION_DECODER,{'n'}
PHY_PISTACHIO_USB,{'y'  'm'}
SCSI_ZORRO7XX,{'y'  'm'}
ARCH_HAVE_NMI_SAFE_CMPXCHG,{'n'}
PCI_HOST_THUNDER_PEM,{'y'}
PL320_MBOX,{'y'}
PINCTRL_SUN8I_A83T_R,{'y'}
USB_EHCI_HCD_OMAP,{'y'  'm'}
IBM_EMAC_TAH,{'y'}
ARCH_TEGRA_2x_SOC,{'y'}
I2C_ZX2967,{'y'  'm'}
ARCH_HAS_RESET_CONTROLLER,{'y'}
DEBUG_NOMMU_REGIONS,{'y'}
USB_OHCI_HCD_S3C2410,{'y'  'm'}
ARM_S3C2412_CPUFREQ,{'y'}
BFIN_JTAG_COMM,{'y'  'm'}
FB_OMAP2_CONNECTOR_DVI,{'y'  'm'}
ARM_HIGHBANK_CPUIDLE,{'y'}
RTC_DRV_BFIN,{'y'  'm'}
HW_RANDOM_POWERNV,{'y'  'm'}
TEGRA20_MC,{'y'}
FB_AMIGA_OCS,{'y'}
INITRAMFS_FORCE,{'y'}
DS1302,{'y'  'm'}
FB_AU1200,{'y'}
PCI_AARDVARK,{'y'}
HAVE_KERNEL_LZ4,{'n'}
HAVE_DEBUG_BUGVERBOSE,{'y'}
QCOM_SMD_RPM,{'y'  'm'}
I2C_STUB,{'y'}
GPIO_VF610,{'y'}
INLINE_SPIN_UNLOCK_BH,{'y'}
SND_SOC_SAMSUNG_SIMTEC_TLV320AIC23,{'y'  'm'}
SND_EP93XX_SOC_I2S,{'y'  'm'}
SCSI_POWERTECSCSI,{'y'  'm'}
XEN_ACPI_HOTPLUG_MEMORY,{'y'  'm'}
MMC_MXS,{'y'  'm'}
CLKSRC_MPS2,{'y'}
RTC_DRV_SH,{'y'  'm'}
RTC_DRV_TILE,{'y'  'm'}
NET_VENDOR_PASEMI,{'y'}
SYS_SUPPORTS_EM_STI,{'y'}
SOC_REALVIEW,{'y'}
DRM_FSL_DCU,{'y'  'm'}
DMASOUND_ATARI,{'y'  'm'}
TEGRA_HSP_MBOX,{'y'}
RCAR_GYRO_ADC,{'y'  'm'}
STM32_EXTI,{'y'}
PINCTRL_IMX23,{'y'}
USB_EHCI_MV,{'y'}
MTD_ST_SPI_FSM,{'y'  'm'}
ARM_TEGRA124_CPUFREQ,{'y'  'm'}
53C700_BE_BUS,{'y'}
PPC_EARLY_DEBUG_EHV_BC,{'y'}
MTD_NAND_BF5XX_BOOTROM_ECC,{'y'}
PINCTRL_SH_PFC_GPIO,{'y'}
SCSI_ACORNSCSI_TAGGED_QUEUE,{'y'}
SERIAL_BFIN_SPORT1_UART,{'y'}
SYSCTL_ARCH_UNALIGN_ALLOW,{'y'}
CPU_FREQ_BOOST_SW,{'y'}
PWM_IMX,{'y'  'm'}
GPIO_VR41XX,{'y'  'm'}
KEYBOARD_SUN4I_LRADC,{'y'  'm'}
KEYBOARD_ATKBD_HP_KEYCODES,{'y'}
PINCTRL_ROCKCHIP,{'y'}
FB_FSL_DIU,{'y'  'm'}
SND_SOC_UX500,{'y'  'm'}
BRCMSTB_L2_IRQ,{'y'}
MMC_SDHI_SYS_DMAC,{'y'  'm'}
MFD_JZ4740_ADC,{'y'}
ARCH_INLINE_READ_LOCK_IRQSAVE,{'y'}
W90P910_ETH,{'y'  'm'}
DRM_TEGRA,{'y'  'm'}
INLINE_READ_LOCK_IRQSAVE,{'y'}
SERIAL_SA1100_CONSOLE,{'y'}
USB_OHCI_LITTLE_ENDIAN,{'n'}
ARCH_SUPPORTS_OPTIMIZED_INLINING,{'n'}
HAVE_MEMBLOCK_PHYS_MAP,{'y'}
PCIE_IPROC,{'y'  'm'}
ATARI_FLOPPY,{'y'  'm'}
KEYBOARD_PMIC8XXX,{'y'  'm'}
ST_THERMAL_MEMMAP,{'y'  'm'}
OMAP2_DSS_INIT,{'y'}
FB_CG14,{'y'}
PDC_CONSOLE,{'y'}
IUCV,{'y'  'm'}
AHCI_OCTEON,{'y'  'm'}
TSI108_ETH,{'y'  'm'}
TOUCHSCREEN_WM97XX_MAINSTONE,{'y'  'm'}
RTLLIB,{'y'}
ARM_SP805_WATCHDOG,{'y'  'm'}
PHY_EXYNOS5250_USB2,{'y'}
HAVE_IOREMAP_PROT,{'n'}
MMC_SUNXI,{'y'  'm'}
VFIO_PLATFORM_CALXEDAXGMAC_RESET,{'y'  'm'}
FB_OMAP2_DSS_INIT,{'y'}
ARM_CCI400_COMMON,{'y'}
HAVE_S3C_RTC,{'y'}
AB8500_DEBUG,{'y'}
HAVE_KERNEL_XZ,{'n'}
HAVE_ARCH_KGDB,{'n'}
CRYPTO_SHA1_PPC,{'y'  'm'}
USB_OHCI_HCD_PPC_OF,{'y'}
PCMCIA_QLOGIC,{'y'}
CLKSRC_NOMADIK_MTU_SCHED_CLOCK,{'y'}
TOUCHSCREEN_S3C2410,{'y'  'm'}
RENESAS_H8S_INTC,{'y'}
PINCTRL_PFC_R8A7745,{'y'}
HW_RANDOM_HISI,{'y'  'm'}
BRCMSTB_GISB_ARB,{'y'}
NWBUTTON,{'y'  'm'}
LOONGSON1_CPUFREQ,{'y'  'm'}
ATMEL_PIT,{'y'}
TEGRA_SOCTHERM,{'y'  'm'}
DRM_EXYNOS,{'y'  'm'}
S390_TAPE_34XX,{'y'  'm'}
CRC_DEV_STM32,{'y'  'm'}
DECOMPRESS_LZO,{'m'}
PL330_DMA,{'y'  'm'}
RC32434_WDT,{'y'  'm'}
CRYPTO_DEV_FSL_CAAM_PKC_API,{'y'  'm'}
COMMON_CLK_PXA,{'y'}
HAVE_DMA_API_DEBUG,{'n'}
HWSPINLOCK_SPRD,{'y'  'm'}
MMC_OMAP,{'y'  'm'}
DRM_OMAP_PANEL_TPO_TD028TTEC1,{'y'  'm'}
SND_POWERMAC_AUTO_DRC,{'y'}
FS_ENET_HAS_FEC,{'y'}
HAVE_FB_ATMEL,{'y'}
CLKSRC_EXYNOS_MCT,{'y'}
FTRACE_NMI_ENTER,{'y'}
PCMCIA_SA11XX_BASE,{'y'  'm'}
IIO_BUFFER_DMAENGINE,{'y'  'm'}
S390_TAPE,{'y'  'm'}
EP93XX_ETH,{'y'  'm'}
HAVE_FTRACE_NMI_ENTER,{'y'}
FB_IMX,{'y'  'm'}
SPI_NUC900,{'y'  'm'}
ARCH_CLOCKSOURCE_DATA,{'n'}
KEYBOARD_LOCOMO,{'y'  'm'}
MTD_BCM47XXSFLASH,{'y'  'm'}
SND_SOC_TXX9ACLC_GENERIC,{'y'  'm'}
MMP_PANEL_TPOHVGA,{'y'}
ARM_SPEAR_CPUFREQ,{'y'}
QCOM_SMSM,{'y'  'm'}
RTC_DRV_AB8500,{'y'  'm'}
HAVE_KVM_ARCH_TLB_FLUSH_ALL,{'y'}
I2C_WMT,{'y'  'm'}
OSF4_COMPAT,{'y'}
USB_UHCI_BIG_ENDIAN_DESC,{'y'}
DMASOUND_PAULA,{'y'  'm'}
IXP4XX_WATCHDOG,{'y'  'm'}
SCSI_UFS_QCOM,{'y'  'm'}
ARCH_HAS_GCOV_PROFILE_ALL,{'n'}
BCM6345_L1_IRQ,{'y'}
QE_USB,{'y'}
ARM_CCN,{'y'  'm'}
OMAP2_DSS,{'y'  'm'}
SERIAL_IP22_ZILOG_CONSOLE,{'y'}
SPI_SIRF,{'y'  'm'}
PINCTRL_FALCON,{'y'}
SND_BF5XX_SOC_AD193X,{'y'  'm'}
SGI_NEWPORT_CONSOLE,{'y'  'm'}
ARM_VEXPRESS_SPC_CPUFREQ,{'y'  'm'}
HAVE_PERF_REGS,{'n'}
SND_MPC52xx_SOC_EFIKA,{'y'  'm'}
BATTERY_IPAQ_MICRO,{'y'  'm'}
KEYSTONE_TIMER,{'y'}
GELIC_WIRELESS,{'y'}
MFD_NVEC,{'y'  'm'}
PLAT_VERSATILE_CLCD,{'y'}
FB_VT8500,{'y'}
HAVE_KERNEL_BZIP2,{'n'}
QETH,{'y'  'm'}
IMGPDC_IRQ,{'y'}
PHY_TEGRA_XUSB,{'y'  'm'}
GENERIC_ARCH_TOPOLOGY,{'y'}
HW_RANDOM_NOMADIK,{'y'  'm'}
FB_OMAP_LCD_MIPID,{'y'}
RTC_DRV_PUV3,{'y'  'm'}
ARM_ETHER1,{'y'  'm'}
MTD_NAND_QCOM,{'y'  'm'}
RASPBERRYPI_FIRMWARE,{'y'  'm'}
PINCTRL_IMX53,{'y'}
MENELAUS,{'y'}
SND_OMAP_SOC_OSK5912,{'y'  'm'}
SND_PXA2XX_SOC_I2S,{'y'  'm'}
SERIAL_PNX8XXX_CONSOLE,{'y'}
SERIAL_SAMSUNG_DEBUG,{'y'}
FSL_CORENET_CF,{'y'  'm'}
MINIX_FS_BIG_ENDIAN_16BIT_INDEXED,{'y'}
SND_MMP_SOC,{'y'}
SERIAL_SGI_L1_CONSOLE,{'y'}
SERIAL_KS8695_CONSOLE,{'y'}
SOUND_AEDSP16,{'y'  'm'}
MVEBU_ICU,{'y'}
GPIO_MC9S08DZ60,{'y'}
EDAC_PPC4XX,{'y'  'm'}
SAMPLE_TRACE_EVENTS,{'y'}
CRYPTO_CAMELLIA_SPARC64,{'y'  'm'}
TEGRA_HOST1X_FIREWALL,{'y'}
DRM_OMAP_ENCODER_TPD12S015,{'y'  'm'}
PCI_KEYSTONE,{'y'}
ARCH_SUPPORTS_ATOMIC_RMW,{'n'}
FSL_BMAN_TEST,{'y'  'm'}
GENERIC_SCHED_CLOCK,{'y'}
SERIAL_SA1100,{'y'}
SOUND_MSS,{'y'  'm'}
DRM_EXYNOS_IPP,{'y'}
VIRT_CPU_ACCOUNTING_NATIVE,{'y'}
PMAC_BACKLIGHT_LEGACY,{'y'}
SOC_TEGRA_FLOWCTRL,{'y'}
ARCH_NO_COHERENT_DMA_MMAP,{'y'}
SGISEEQ,{'y'  'm'}
SCSI_IBMVSCSI,{'y'  'm'}
PSS_MIXER,{'y'}
B43_PHY_AC,{'y'}
DRM_IMX,{'y'  'm'}
FB_OMAP2_PANEL_LGPHILIPS_LB035Q02,{'y'  'm'}
USB_EHCI_MXC,{'y'  'm'}
DRM_MSM_DSI_28NM_PHY,{'y'}
ARM_PMU_ACPI,{'y'}
FB_MBX_DEBUG,{'y'}
PINCTRL_SPEAR320,{'y'}
SND_MPC52xx_DMA,{'y'  'm'}
FB_OMAP2_ENCODER_OPA362,{'y'  'm'}
GPIO_TZ1090,{'y'}
SND_PXA2XX_SOC_HX4700,{'y'  'm'}
SPI_ATH79,{'y'  'm'}
ARCH_TEGRA_114_SOC,{'y'}
USB_TI_CPPI41_DMA,{'y'}
ARM_IMX6Q_CPUFREQ,{'y'  'm'}
EDAC_CPC925,{'y'  'm'}
PINCTRL_SPEAR3XX,{'y'}
ARCH_INLINE_SPIN_LOCK,{'y'}
CPU_IDLE_MULTIPLE_DRIVERS,{'y'}
BINFMT_FLAT,{'y'}
MTD_NAND_BCM47XXNFLASH,{'y'  'm'}
LDMVSW,{'y'  'm'}
FB_VALKYRIE,{'y'}
SND_SOC_AU1XPSC,{'y'  'm'}
AX88796_93CX6,{'y'}
SMSGIUCV_EVENT,{'y'  'm'}
PAL_640x480,{'y'}
RTLHALMAC_ST,{'y'}
ARM_S5PV210_CPUFREQ,{'y'}
RTC_DRV_RS5C313,{'y'  'm'}
DS1620,{'y'  'm'}
TEST_KMOD,{'y'}
GPIO_MXS,{'y'}
CLKSRC_VERSATILE,{'y'}
I2C_PNX,{'y'  'm'}
COH901327_WATCHDOG,{'y'}
PHY_S5PV210_USB2,{'y'}
SENSORS_AB8500,{'y'  'm'}
MTD_NAND_OMAP_BCH_BUILD,{'y'  'm'}
HAVE_SETUP_PER_CPU_AREA,{'n'}
NEED_BOUNCE_POOL,{'y'}
HOTPLUG_PCI_S390,{'y'}
SERIAL_SUNCORE,{'y'}
MFD_VEXPRESS_SYSREG,{'y'}
PINCTRL_IMX6Q,{'y'}
SOUND_VIDC,{'y'  'm'}
ARCH_TASK_STRUCT_ALLOCATOR,{'y'}
CPU_HWMON,{'y'  'm'}
PHY_EXYNOS5_USBDRD,{'y'  'm'}
FS_ENET_MDIO_FCC,{'y'  'm'}
HAVE_PATA_PLATFORM,{'y'}
HAS_TXX9_ACLC,{'y'}
FB_JZ4740,{'y'  'm'}
SND_SOC_RAUMFELD,{'y'  'm'}
MSNDPIN_HAVE_BOOT,{'y'}
MTD_AFS_PARTS,{'y'  'm'}
FEC,{'y'  'm'}
SND_BF5XX_MMAP_SUPPORT,{'y'}
CRYPTO_DEV_BFIN_CRC,{'y'  'm'}
GPIO_STP_XWAY,{'y'}
SND_PS3,{'y'  'm'}
SIR_BFIN_DMA,{'y'}
SND_OMAP_SOC_DMIC,{'y'  'm'}
PWM_TIECAP,{'y'  'm'}
PINCTRL_PIC32,{'y'}
BACKLIGHT_TOSA,{'y'  'm'}
HW_RANDOM_BCM63XX,{'y'  'm'}
EDAC_LAYERSCAPE,{'y'  'm'}
BUILDTIME_EXTABLE_SORT,{'n'}
MMC_ATMELMCI,{'y'  'm'}
FB_PXA_SMARTPANEL,{'y'}
S3C2410_COMMON_DCLK,{'y'}
JOYSTICK_MAPLE,{'y'  'm'}
HAVE_MEMBLOCK,{'n'}
POWERNV_CPUFREQ,{'y'  'm'}
EDAC_ALTERA_DMA,{'y'}
FB_MACMODES,{'y'  'm'}
SERIAL_AR933X_CONSOLE,{'y'}
FB_MBX,{'y'  'm'}
SENSORS_AMS_PMU,{'y'}
SND_S3C_I2SV2_SOC,{'y'  'm'}
ARCH_TEGRA_132_SOC,{'y'}
MMC_DAVINCI,{'y'  'm'}
ARCH_INLINE_WRITE_UNLOCK_BH,{'y'}
SERIAL_BFIN_SPORT0_UART_CTSRTS,{'y'}
SERIAL_PMACZILOG_CONSOLE,{'y'}
MMC_SDHCI_BIG_ENDIAN_32BIT_BYTE_SWAPPER,{'y'}
INPUT_ADBHID,{'y'}
MTD_NAND_BF5XX_HWECC,{'y'}
SENSORS_JZ4740,{'y'  'm'}
CRYPTO_DEV_NX,{'y'}
SND_BF5XX_SOC_AD73311,{'y'  'm'}
RT2800SOC,{'y'  'm'}
ATARILANCE,{'y'  'm'}
PINCTRL_EXYNOS,{'y'}
BCM7038_L1_IRQ,{'y'}
APM_POWER,{'y'  'm'}
FB_AMIGA_AGA,{'y'}
XILINX_DMA,{'y'  'm'}
SOUND_VMIDI,{'y'  'm'}
CXL_BIMODAL,{'y'}
MVEBU_CLK_COMMON,{'y'}
PHY_SUN9I_USB,{'y'  'm'}
PATA_EP93XX,{'y'  'm'}
NET_VENDOR_ALLWINNER,{'y'}
SERIAL_MCF_CONSOLE,{'y'}
R8822BE,{'y'}
PINCTRL_BERLIN_BG2,{'y'}
S390_IOMMU,{'y'}
GPIO_SPEAR_SPICS,{'y'}
MMP_DISP,{'y'  'm'}
PCI_EXYNOS,{'y'}
MFD_QCOM_RPM,{'y'  'm'}
BACKLIGHT_LOCOMO,{'y'  'm'}
SUNLANCE,{'y'  'm'}
ARCH_HAS_DEVMEM_IS_ALLOWED,{'n'}
INLINE_READ_LOCK_BH,{'y'}
SBUS,{'y'}
MESON_EFUSE,{'y'  'm'}
BERLIN2_ADC,{'y'  'm'}
WATCHDOG_RIO,{'y'  'm'}
SND_SOC_MPC5200_AC97,{'y'  'm'}
WINDFARM_PM72,{'y'  'm'}
HAVE_KRETPROBES,{'n'}
MMC_WMT,{'y'  'm'}
PINCTRL_TEGRA124,{'y'}
ACPI_APEI_SEA,{'y'}
I2C_EXYNOS5,{'y'  'm'}
PMAC_RACKMETER,{'y'  'm'}
GENERIC_IOMAP,{'n'}
MSNDPIN_DIGITAL,{'y'}
PWM_VT8500,{'y'  'm'}
DRM_OMAP,{'y'  'm'}
BLK_DEV_XPRAM,{'y'  'm'}
DRM_STI,{'y'  'm'}
SND_EP93XX_SOC_AC97,{'y'  'm'}
SUN3_82586,{'y'}
PINCTRL_COH901,{'y'}
QCOM_RPMCC,{'y'}
FB_S3C_DEBUG_REGWRITE,{'y'}
DRM_ROCKCHIP,{'y'  'm'}
SPI_S3C24XX,{'y'  'm'}
PATA_MPC52xx,{'y'  'm'}
LASI_82596,{'y'  'm'}
CRYPTO_DEV_MARVELL_CESA,{'y'  'm'}
DASD_ECKD,{'y'  'm'}
MMC_MOXART,{'y'  'm'}
SND_BF5XX_SOC_AC97,{'y'  'm'}
SERIAL_BFIN_SPORT3_UART,{'y'}
FB_OF,{'y'}
SCSI_ZALON,{'y'  'm'}
SFP,{'y'  'm'}
USB_OCTEON_EHCI,{'y'}
CRYPTO_DEV_OMAP_SHAM,{'y'  'm'}
MOUSE_NAVPOINT_PXA27x,{'y'  'm'}
MFD_DB8500_PRCMU,{'y'}
HAVE_C_RECORDMCOUNT,{'n'}
TEST_ASYNC_DRIVER_PROBE,{'y'}
SMSC911X_ARCH_HOOKS,{'y'}
OCTEON_MGMT_ETHERNET,{'y'  'm'}
IBM_EMAC_RGMII,{'y'}
STRICT_KERNEL_RWX,{'n'}
WATCHDOG_CP1XXX,{'y'  'm'}
CAN_RCAR,{'y'  'm'}
AMBA_PL08X,{'y'}
LOGO_SUPERH_MONO,{'y'}
ARM_ETHERH,{'y'  'm'}
INPUT_AB8500_PONKEY,{'y'  'm'}
CRYPTO_DEV_OMAP,{'y'  'm'}
SPI_ADI_V3,{'y'  'm'}
SERIAL_OMAP,{'y'  'm'}
SERIO_RPCKBD,{'y'  'm'}
SND_BF5XX_SOC_AD1980,{'y'  'm'}
BFIN_SIR,{'y'  'm'}
ALPINE_MSI,{'y'}
PINCTRL_PFC_SH7723,{'y'}
USB_FHCI_HCD,{'y'  'm'}
ROCKCHIP_CDN_DP,{'y'}
BFIN_WDT,{'y'  'm'}
BCM63XX_WDT,{'y'  'm'}
FB_P9100,{'y'}
A2065,{'y'  'm'}
FHCI_DEBUG,{'y'}
RTL8192E,{'y'}
SERIAL_SUNZILOG,{'y'  'm'}
BLK_DEV_GAYLE,{'y'  'm'}
TEGRA_IOMMU_SMMU,{'y'}
SUN3_SCSI,{'y'  'm'}
OMAP_OTG,{'y'  'm'}
RTC_LIB,{'n'}
FB_PXA168,{'y'  'm'}
MTD_NAND_NDFC,{'y'  'm'}
MMC_MESON_GX,{'y'  'm'}
HAVE_FUNCTION_GRAPH_TRACER,{'n'}
SOUND_UART6850,{'y'  'm'}
FB_AU1100,{'y'}
RESET_A10SR,{'y'  'm'}
SPARSE_IRQ,{'n'}
CXL_BASE,{'y'}
SND_SOC_POWERPC_DMA,{'y'  'm'}
QUICC_ENGINE,{'y'}
MOUSE_RISCPC,{'y'  'm'}
SCSI_EATA_PIO,{'y'  'm'}
ARMADA_AP806_SYSCON,{'y'}
EDAC_HIGHBANK_MC,{'y'  'm'}
MTD_TESTS,{'y'}
BACKLIGHT_IPAQ_MICRO,{'y'  'm'}
THERM_ADT746X,{'y'  'm'}
MMC_SDHCI_OF_ESDHC,{'y'  'm'}
DRM_EXYNOS_HDMI,{'y'}
TRACING_SUPPORT,{'n'}
HAS_IOMEM,{'n'}
BFIN_SIR1,{'y'}
SDH_BFIN_MISSING_CMD_PULLUP_WORKAROUND,{'y'}
MCP_UCB1200_TS,{'y'  'm'}
MTD_IMPA7,{'y'  'm'}
INLINE_WRITE_UNLOCK_BH,{'y'}
SERIAL_PMACZILOG,{'y'  'm'}
MTD_NAND_MLC_LPC32XX,{'y'  'm'}
USB_CNS3XXX_OHCI,{'y'}
SOUND_BCM_CS4297A,{'y'  'm'}
EDAC_I82443BXGX,{'y'  'm'}
USB_OHCI_SH,{'y'}
PINCTRL_SUN8I_V3S,{'y'}
MMC_ARMMMCI,{'y'  'm'}
ARM_ETHER3,{'y'  'm'}
FB_BFIN_7393,{'y'  'm'}
EDAC_ALTERA_USB,{'y'}
STI_RESET_SYSCFG,{'y'}
DRM_MSM_HDMI_HDCP,{'y'}
HAVE_ARCH_TRACEHOOK,{'n'}
BLK_DEV_MAC_IDE,{'y'  'm'}
PWM_AB8500,{'y'  'm'}
CAN_TI_HECC,{'y'  'm'}
ARM_SMMU,{'y'}
ISDN_DIVAS_MAINT,{'y'}
SYSCTL_EXCEPTION_TRACE,{'n'}
PINCTRL_U300,{'y'}
AUTO_IRQ_AFFINITY,{'y'}
AMIGA_Z2RAM,{'y'  'm'}
BLK_DEV_IDE_AU1XXX_MDMA2_DBDMA,{'y'}
SND_OMAP_SOC_OMAP_TWL4030,{'y'  'm'}
MTD_SA1100,{'y'  'm'}
SND_SOC_MPC5200_I2S,{'y'  'm'}
SERIAL_OMAP_CONSOLE,{'y'}
ARCH_HAS_ASYNC_TX_FIND_CHANNEL,{'y'}
ARM_EXYNOS_CPUIDLE,{'y'}
LOGO_DEC_CLUT224,{'y'}
EFI_PARAMS_FROM_FDT,{'y'}
HAVE_KPROBES,{'n'}
PCI_RCAR_GEN2,{'y'}
HVC_DCC,{'y'}
PPS_GENERATOR_PARPORT,{'y'  'm'}
PINCTRL_WMT,{'y'}
CCW_CONSOLE,{'y'}
SND_MMP_SOC_SSPA,{'y'  'm'}
SND_SOC_TXX9ACLC,{'y'  'm'}
KEYBOARD_OMAP,{'y'  'm'}
BACKLIGHT_EP93XX,{'y'  'm'}
I2C_DIGICOLOR,{'y'  'm'}
MAC_SCSI,{'y'  'm'}
EDAC_AMD8111,{'y'  'm'}
PINCTRL_EXYNOS5440,{'y'}
VIDEO_DAVINCI_VPBE_DISPLAY,{'y'  'm'}
PINCTRL_ARMADA_XP,{'y'}
MT7621_WDT,{'y'  'm'}
FSL_GUTS,{'y'}
MOUSE_PXA930_TRKBALL,{'y'  'm'}
ARMADA_38X_CLK,{'y'}
TXX9_WDT,{'y'  'm'}
SPI_PPC4xx,{'y'  'm'}
SND_SOC_CS4270_VD33_ERRATA,{'y'}
SND_PPC,{'y'}
GENERIC_EARLY_IOREMAP,{'n'}
SERIAL_8250_ACORN,{'y'  'm'}
TEST_LKM,{'y'}
FB_BF54X_LQ043,{'y'  'm'}
ARM_TEGRA20_CPUFREQ,{'y'}
PARPORT_MFC3,{'y'  'm'}
SERIAL_8250_EM,{'y'  'm'}
RTC_DRV_SIRFSOC,{'y'  'm'}
BLK_DEV_SWIM,{'y'  'm'}
GEMINI_WATCHDOG,{'y'  'm'}
SERIO_XILINX_XPS_PS2,{'y'  'm'}
SND_AOA_SOUNDBUS_I2S,{'y'  'm'}
I2C_MXS,{'y'  'm'}
USB_EHCI_MSM,{'y'  'm'}
SAMPLE_CONNECTOR,{'y'}
BFIN_MAC_USE_HWSTAMP,{'y'}
DRM_EXYNOS_DPI,{'y'}
ROCKCHIP_TIMER,{'y'}
CTCM,{'y'  'm'}
DRM_DW_MIPI_DSI,{'y'  'm'}
EDAC_HIGHBANK_L2,{'y'  'm'}
GENERIC_IRQ_LEGACY,{'y'}
NO_GENERIC_PCI_IOPORT_MAP,{'y'}
SND_ARMAACI,{'y'  'm'}
GENERIC_TIME_VSYSCALL,{'n'}
SERIAL_8250_FSL,{'y'}
PINCTRL_IMX7ULP,{'y'}
SPI_MPC512x_PSC,{'y'  'm'}
PATA_SAMSUNG_CF,{'y'  'm'}
SERIAL_QE,{'y'  'm'}
PCMCIA_SA1111,{'y'  'm'}
KEYBOARD_AMIGA,{'y'  'm'}
I2C_ACORN,{'y'  'm'}
PINCTRL_PFC_R8A7743,{'y'}
MTD_NAND_MXC,{'y'  'm'}
ARM_BIG_LITTLE_CPUFREQ,{'y'  'm'}
SERIAL_MSM_CONSOLE,{'y'}
MMC_SDHI,{'y'  'm'}
MTD_PISMO,{'y'  'm'}
TEGRA20_APB_DMA,{'y'}
SND_SOC_NUC900EVB,{'y'  'm'}
ARCH_INLINE_READ_TRYLOCK,{'y'}
SPI_LOOPBACK_TEST,{'y'}
PINCTRL_IMX25,{'y'}
GPIO_ZYNQ,{'y'  'm'}
DA8XX_MSTPRI,{'y'}
GENERIC_IDLE_POLL_SETUP,{'y'}
SND_DA830_SOC_EVM,{'y'  'm'}
SSB_SFLASH,{'y'}
MDIO_I2C,{'y'  'm'}
NEED_PER_CPU_PAGE_FIRST_CHUNK,{'n'}
IMX_IPUV3_CORE,{'y'  'm'}
SERIAL_BFIN_UART1,{'y'}
CLOCKSOURCE_WATCHDOG,{'n'}
SERIO_Q40KBD,{'y'  'm'}
AHCI_MVEBU,{'y'  'm'}
JAZZ_ESP,{'y'}
PWM_TIPWMSS,{'y'}
MPC512X_DMA,{'y'  'm'}
HAVE_ARCH_MMAP_RND_BITS,{'n'}
SPI_BCM53XX,{'y'  'm'}
I2C_IBM_IIC,{'y'  'm'}
IMA_KEXEC,{'y'}
OMAP2_DSS_SLEEP_AFTER_VENC_RESET,{'y'}
SUNVNET_COMMON,{'y'  'm'}
SND_PXA2XX_SOC_CORGI,{'y'  'm'}
NTSC,{'y'}
PCMCIA_XXS1500,{'y'  'm'}
CPMAC,{'y'  'm'}
KEYBOARD_HP7XX,{'y'  'm'}
ARM_S3C24XX_CPUFREQ,{'y'}
INLINE_SPIN_LOCK_IRQSAVE,{'y'}
PINCTRL_AB8540,{'y'}
PCIE_ARMADA_8K,{'y'}
PWM_BFIN,{'y'  'm'}
PWM_PXA,{'y'  'm'}
ARM_SCPI_CPUFREQ,{'y'  'm'}
ARCH_USE_QUEUED_RWLOCKS,{'n'}
SND_OMAP_SOC_AMS_DELTA,{'y'  'm'}
INLINE_SPIN_TRYLOCK_BH,{'y'}
SPI_QUP,{'y'  'm'}
MTD_NAND_AU1550,{'y'  'm'}
LEDS_COBALT_RAQ,{'y'}
PINCTRL_PFC_R8A7790,{'y'}
PHY_ROCKCHIP_USB,{'y'  'm'}
ARCH_INLINE_READ_LOCK_IRQ,{'y'}
MESON_SM,{'y'}
DRM_ATMEL_HLCDC,{'y'  'm'}
VIDEO_M32R_AR_M64278,{'y'  'm'}
VIDEO_MMP_CAMERA,{'y'  'm'}
PINCTRL_IMX27,{'y'}
POWER_RESET_VEXPRESS,{'y'}
MOUSE_AMIGA,{'y'  'm'}
SND_SOC_P1022_DS,{'y'  'm'}
BFIN_UART3_CTSRTS,{'y'}
PINCTRL_PFC_SH7786,{'y'}
LOGO_BLACKFIN_VGA16,{'y'}
SNI_82596,{'y'  'm'}
ADV7393_2XMEM,{'y'}
PINCTRL_PFC_SH7269,{'y'}
USB_UHCI_BIG_ENDIAN_MMIO,{'y'}
ATMEL_SDRAMC,{'y'}
ARM_S3C24XX_CPUFREQ_DEBUGFS,{'y'}
DMA_BCM2835,{'y'  'm'}
SND_OMAP_SOC_MCBSP,{'y'  'm'}
SERIAL_8250_OMAP,{'y'  'm'}
PINCTRL_PFC_R8A73A4,{'y'}
INTEL_IOMMU_BROKEN_GFX_WA,{'y'}
CLKSRC_EFM32,{'y'}
HW_RANDOM_TX4939,{'y'  'm'}
PCI_DRA7XX_HOST,{'y'}
DRM_EXYNOS_MIXER,{'y'}
CRYPTO_SHA256_S390,{'y'  'm'}
LOCKDEP_COMPLETIONS,{'y'}
ARM_KIRKWOOD_CPUFREQ,{'y'}
FB_PVR2,{'y'  'm'}
KEYBOARD_SPEAR,{'y'  'm'}
TB10X_IRQC,{'y'}
R8188EU,{'y'}
MIPS_EJTAG_FDC_EARLYCON,{'y'}
FPGA_MGR_TS73XX,{'y'  'm'}
M32R_PCC,{'y'}
INLINE_SPIN_LOCK,{'y'}
ARCH_TEGRA_186_SOC,{'y'}
ARM_MOXART_ETHER,{'y'  'm'}
HISI_KIRIN_DW_DSI,{'y'  'm'}
RTC_DRV_PIC32,{'y'  'm'}
PINCTRL_PFC_SH7203,{'y'}
PHY_QCOM_UFS,{'y'  'm'}
SERIAL_M32R_SIO_CONSOLE,{'y'}
IA64_ACPI_CPUFREQ,{'y'  'm'}
SND_PXA2XX_AC97,{'y'  'm'}
INPUT_SGI_BTNS,{'y'  'm'}
HW_RANDOM_PSERIES,{'y'  'm'}
LOONGSON2_CPUFREQ,{'y'  'm'}
I2C_IMX,{'y'  'm'}
AUDIT_ARCH_COMPAT_GENERIC,{'y'}
HOTPLUG_PCI_POWERNV,{'y'  'm'}
IOMMU_DMA,{'y'}
KEYBOARD_DAVINCI,{'y'  'm'}
S390_TAPE_3590,{'y'  'm'}
MTD_NAND_XWAY,{'y'}
ACPI_SPCR_TABLE,{'y'}
MMC_SDHCI_SPEAR,{'y'  'm'}
NO_BOOTMEM,{'n'}
PINCTRL_PFC_R8A7795,{'y'}
ARCH_WANTS_UBSAN_NO_NULL,{'y'}
USB_EHCI_SH,{'y'}
DRM_MSM,{'y'  'm'}
ODD_RT_SIGACTION,{'y'}
PMAC_MEDIABAY,{'y'}
BMAC,{'y'  'm'}
MDIO_SUN4I,{'y'  'm'}
SND_BF5XX_HAVE_COLD_RESET,{'y'}
SND_SOC_IMX_SSI,{'y'  'm'}
ARCH_SUSPEND_POSSIBLE,{'n'}
MTD_NAND_ATMEL,{'y'  'm'}
SERIAL_SPRD,{'y'  'm'}
PCI_IMX6,{'y'}
MONREADER,{'y'  'm'}
FS_ENET_HAS_SCC,{'y'}
SND_EP93XX_SOC_SIMONE,{'y'  'm'}
VIDEO_DM365_ISIF,{'y'  'm'}
GPIO_PL061,{'y'}
OR1K_PIC,{'y'}
CRYPTO_DES_SPARC64,{'y'  'm'}
SERIAL_AMBA_PL010,{'y'  'm'}
LEDS_NETXBIG,{'y'  'm'}
RTC_DRV_SA1100,{'y'  'm'}
GPIO_OMAP,{'y'  'm'}
FB_OMAP2_PANEL_TPO_TD028TTEC1,{'y'  'm'}
ARCH_WANT_FRAME_POINTERS,{'y'}
MMC_SDHCI_ST,{'y'  'm'}
PINCTRL_SAMSUNG,{'y'}
TN3215_CONSOLE,{'y'}
HW_RANDOM_PIC32,{'y'  'm'}
USB_EHCI_ATH79,{'y'}
MTD_ONENAND_SAMSUNG,{'y'  'm'}
KORINA,{'y'  'm'}
CRYPTO_CRC32_S390,{'y'  'm'}
DMASOUND,{'y'  'm'}
DM9000_FORCE_SIMPLE_PHY_POLL,{'y'}
TEGRA_AHB,{'y'}
INLINE_SPIN_TRYLOCK,{'y'}
TEGRA_GMI,{'y'  'm'}
SND_SOC_BFIN_EVAL_ADAU1701,{'y'  'm'}
SND_PXA2XX_SOC_Z2,{'y'  'm'}
ORION_IRQCHIP,{'y'}
QCOM_L2_PMU,{'y'}
POWER_RESET_MSM,{'y'}
AU1000_FIR,{'y'  'm'}
ICST,{'y'}
INLINE_READ_UNLOCK_IRQRESTORE,{'y'}
MTD_NAND_S3C2410_CLKSTOP,{'y'}
GPIO_TB0219,{'y'  'm'}
DASD,{'y'  'm'}
AT_XDMAC,{'y'  'm'}
VCC,{'y'  'm'}
SND_PXA2XX_SOC_MAGICIAN,{'y'  'm'}
HAVE_DYNAMIC_FTRACE,{'n'}
CRYPTO_DEV_FSL_CAAM,{'y'  'm'}
ARCH_INLINE_READ_UNLOCK_IRQ,{'y'}
MOUSE_ATARI,{'y'  'm'}
XILINX_AXI_EMAC,{'y'  'm'}
FB_PMAG_BA,{'y'  'm'}
DASD_EER,{'y'}
VIDEO_DM365_VPFE,{'y'  'm'}
ARCH_WANT_BATCHED_UNMAP_TLB_FLUSH,{'n'}
FB_PXA_PARAMETERS,{'y'}
FB_OMAP2_CONNECTOR_HDMI,{'y'  'm'}
GDROM,{'y'  'm'}
BCM63XX_PHY,{'y'  'm'}
MMC_TMIO_CORE,{'y'  'm'}
GENERIC_CPU_DEVICES,{'y'}
APNE,{'y'  'm'}
MTD_NAND_TMIO,{'y'  'm'}
DECOMPRESS_XZ,{'m'}
ARCH_USE_QUEUED_SPINLOCKS,{'n'}
BLK_DEV_IDE_RAPIDE,{'y'  'm'}
OCTEON_USB,{'y'  'm'}
PPC_BESTCOMM_ATA,{'y'  'm'}
HAVE_ARCH_JUMP_LABEL,{'n'}
DRM_EXYNOS_IOMMU,{'y'}
DOVE_CLK,{'y'}
CRYPTO_DEV_ARTPEC6,{'y'  'm'}
PINCTRL_IMX50,{'y'}
OF_RESERVED_MEM,{'y'}
MTK_PMIC_WRAP,{'y'  'm'}
FB_PMAG_AA,{'y'  'm'}
ARM_HIGHBANK_CPUFREQ,{'y'  'm'}
MTD_RBTX4939,{'y'  'm'}
FB_OMAP2_DSS_DSI,{'y'}
CRYPTO_GHASH_S390,{'y'  'm'}
FB_Q40,{'y'}
MMAP_ALLOW_UNINITIALIZED,{'y'}
HAVE_CMPXCHG_DOUBLE,{'n'}
MMC_DW_ROCKCHIP,{'y'  'm'}
SND_SUN_DBRI,{'y'  'm'}
ARMADA_370_XP_TIMER,{'y'}
BFIN_SIR2,{'y'}
SND_SOC_SAMSUNG_NEO1973_WM8753,{'y'  'm'}
USB_EHCI_HCD_SPEAR,{'y'  'm'}
PCMCIA_DEBUG,{'y'}
MONWRITER,{'y'  'm'}
PINCTRL_PFC_SH7757,{'y'}
QORIQ_CPUFREQ,{'y'  'm'}
VIDEO_IMX,{'y'}
ARCH_TEGRA_3x_SOC,{'y'}
MFD_TC6393XB,{'y'}
MTD_NAND_SOCRATES,{'y'  'm'}
CRYPTO_AES_PPC_SPE,{'y'  'm'}
ARCH_NEEDS_CPU_IDLE_COUPLED,{'y'}
GENERIC_CPU_AUTOPROBE,{'n'}
POWER_RESET_AXXIA,{'y'}
ARM_CCI,{'y'}
SERIAL_BFIN_SPORT1_UART_CTSRTS,{'y'}
PINCTRL_SIRF,{'y'}
TN3270_CONSOLE,{'y'}
I2C_PMCMSP,{'y'  'm'}
ORION_TIMER,{'y'}
FB_ACORN,{'y'}
PATA_FALCON,{'y'  'm'}
SPAPR_TCE_IOMMU,{'y'}
HAVE_KERNEL_LZO,{'n'}
HAVE_UNSTABLE_SCHED_CLOCK,{'n'}
NTSC_640x480,{'y'}
SOUND_PAS,{'y'  'm'}
SAMPLE_KRETPROBES,{'y'}
AB8500_USB,{'y'  'm'}
SERIAL_BFIN_SPORT_CONSOLE,{'y'}
SCLP_TTY,{'y'}
HAVE_PCSPKR_PLATFORM,{'n'}
MFD_OMAP_USB_HOST,{'y'}
PCIE_XILINX,{'y'}
LNET_SELFTEST,{'y'}
PCIE_TANGO_SMP8759,{'y'}
QCOM_WCNSS_CTRL,{'y'  'm'}
POWER_RESET_AT91_POWEROFF,{'y'  'm'}
FEC_MPC52xx,{'y'  'm'}
LEDS_POWERNV,{'y'  'm'}
MODULES_TREE_LOOKUP,{'n'}
FSL_QMAN_TEST_API,{'y'}
FB_SH_MOBILE_MERAM,{'y'  'm'}
SOC_TEGRA_FUSE,{'y'}
AT_HDMAC,{'y'  'm'}
CPU_PM,{'y'}
USB_OHCI_HCD_OMAP1,{'y'  'm'}
CRYPTO_DEV_NX_COMPRESS_POWERNV,{'y'  'm'}
TEGRA_MC,{'y'}
DRM_MSM_DSI,{'y'}
PSERIES_CPUIDLE,{'y'}
LEDS_ASIC3,{'y'}
ARM_AMBA,{'y'}
SND_SOC_SH4_SSI,{'y'  'm'}
NETLOGIC_XLR_NET,{'y'  'm'}
BINFMT_SHARED_FLAT,{'y'}
R3964,{'y'  'm'}
PINCTRL_PFC_R8A7793,{'y'}
SUNVNET,{'y'  'm'}
PINCTRL_SUNXI,{'y'}
MTD_ONENAND_OMAP2,{'y'  'm'}
ARCH_HAVE_CUSTOM_GPIO_H,{'y'}
CLONE_BACKWARDS2,{'y'}
CRYPTO_DEV_FSL_CAAM_CRYPTO_API,{'y'  'm'}
PWM_LPC18XX_SCT,{'y'  'm'}
EDAC_ALTERA,{'y'}
ARM_GIC,{'y'}
LEDS_SUNFIRE,{'y'  'm'}
TI_PIPE3,{'y'  'm'}
TI_KEYSTONE_NETCP,{'y'  'm'}
FB_OMAP2_PANEL_TPO_TD043MTEA1,{'y'  'm'}
SND_SOC_SAMSUNG_JIVE_WM8750,{'y'  'm'}
HAVE_ARCH_TRANSPARENT_HUGEPAGE,{'n'}
PINCTRL_ARMADA_39X,{'y'}
HAVE_NMI_WATCHDOG,{'y'}
LEDS_MIKROTIK_RB532,{'y'  'm'}
ALTERA_FREEZE_BRIDGE,{'y'  'm'}
LOGO_SUPERH_VGA16,{'y'}
FSL_DPAA_ETH,{'y'  'm'}
ARCH_SELECT_MEMORY_MODEL,{'n'}
RTC_DRV_IMXDI,{'y'  'm'}
OMAP_DSS_BASE,{'y'  'm'}
PWM_BCM2835,{'y'  'm'}
LPC18XX_DMAMUX,{'y'}
USB_ATMEL_USBA,{'y'  'm'}
MVEBU_PIC,{'y'}
I2C_SIRF,{'y'  'm'}
SERIAL_8250_PXA,{'y'  'm'}
ATA_NONSTANDARD,{'y'}
PHY_MTK_TPHY,{'y'  'm'}
PATA_PXA,{'y'  'm'}
SUNXI_RSB,{'y'  'm'}
FB_OMAP_LCDC_EXTERNAL,{'y'}
BCM47XX_SPROM,{'y'}
VT6655,{'y'}
PHY_ROCKCHIP_EMMC,{'y'  'm'}
EDAC_OCTEON_LMC,{'y'  'm'}
HAVE_KERNEL_GZIP,{'n'}
OMAP2_DSS_SDI,{'y'}
PINCTRL_EXYNOS_ARM64,{'y'}
MFD_AXP20X_RSB,{'y'  'm'}
MMP_FB,{'y'  'm'}
ARM_BRCMSTB_AVS_CPUFREQ_DEBUG,{'y'}
SPI_RB4XX,{'y'  'm'}
ARM_SA1100_CPUFREQ,{'y'}
SPI_OMAP_UWIRE,{'y'  'm'}
MMC_TMIO,{'y'  'm'}
SMC91X,{'y'  'm'}
REGCACHE_COMPRESSED,{'y'}
ARM_TI_CPUFREQ,{'y'}
SPI_SH_SCI,{'y'  'm'}
SERIAL_GRLIB_GAISLER_APBUART_CONSOLE,{'y'}
CRYPTO_SHA256_PPC_SPE,{'y'  'm'}
PINCTRL_TEGRA114,{'y'}
AB8500_BM,{'y'}
AMIGA_FLOPPY,{'y'  'm'}
MTD_SPEAR_SMI,{'y'  'm'}
UCC_SLOW,{'y'}
SOUND_TRIX,{'y'  'm'}
OMAP2_VRFB,{'y'}
ARM_AT91_CPUIDLE,{'y'}
I8259,{'y'}
REGULATOR_DBX500_PRCMU,{'y'}
IRQ_PREFLOW_FASTEOI,{'y'}
STI_MBOX,{'y'  'm'}
SND_ATMEL_AC97C,{'y'  'm'}
MMC_SDHCI_MICROCHIP_PIC32,{'y'  'm'}
SND_PXA2XX_SOC_AC97,{'y'  'm'}
CLONE_BACKWARDS3,{'y'}
FB_OMAP2_DSS_VENC,{'y'}
SSB_SERIAL,{'y'}
JZ4740_WDT,{'y'  'm'}
IOP_WATCHDOG,{'y'  'm'}
SERIAL_TXX9_STDSERIAL,{'y'}
MTK_IOMMU_V1,{'y'}
MFD_ATMEL_SMC,{'y'}
AHCI_MTK,{'y'  'm'}
RENESAS_H8300H_INTC,{'y'}
DRM_EXYNOS_MIC,{'y'}
SERIAL_BFIN_SPORT,{'y'  'm'}
CLKSRC_TI_32K,{'y'}
I2C_PASEMI,{'y'  'm'}
ORION_CLK,{'y'}
LUSTRE_FS,{'y'}
DCSSBLK,{'y'  'm'}
BLK_DEV_PALMCHIP_BK3710,{'y'  'm'}
XTENSA_MX,{'y'}
MTD_LART,{'y'  'm'}
SERIAL_SGI_IOC3,{'y'  'm'}
HAVE_REGS_AND_STACK_ACCESS_API,{'n'}
ARCH_BINFMT_ELF_STATE,{'y'}
PINCTRL_IMX51,{'y'}
ARM_MHU,{'y'  'm'}
NET_VENDOR_XILINX,{'y'}
ARCH_INLINE_SPIN_LOCK_IRQ,{'y'}
DECOMPRESS_LZ4,{'m'}
GVP11_SCSI,{'y'  'm'}
ADB_MACIO,{'y'}
HAVE_NMI,{'n'}
BCMA_DRIVER_PCI_HOSTMODE,{'y'}
PARPORT_ATARI,{'y'  'm'}
HAVE_CMPXCHG_LOCAL,{'n'}
VERSATILE_FPGA_IRQ,{'y'}
ROCKCHIP_INNO_HDMI,{'y'}
CRYPTO_DEV_OMAP_DES,{'y'  'm'}
CRYPTO_DEV_MXS_DCP,{'y'  'm'}
SERIAL_SAMSUNG_UARTS_4,{'y'}
I2C_MV64XXX,{'y'  'm'}
I2C_TEGRA_BPMP,{'y'  'm'}
PINCTRL_BERLIN_BG2Q,{'y'}
INLINE_READ_TRYLOCK,{'y'}
SERIAL_BFIN_SPORT0_UART,{'y'}
FB_AMIGA,{'y'  'm'}
THERM_WINDTUNNEL,{'y'  'm'}
KEYBOARD_MAPLE,{'y'  'm'}
SSB_EMBEDDED,{'y'}
PINCTRL_DB8540,{'y'}
OF_NUMA,{'y'}
PINCTRL_WM8750,{'y'}
ADB_PMU68K,{'y'}
GENERIC_IRQ_IPI,{'y'}
SND_SOC_MT8173,{'y'  'm'}
SERIAL_BFIN_DMA,{'y'}
VIDEO_OMAP4,{'y'  'm'}
PATA_RB532,{'y'  'm'}
HVC_IUCV,{'y'}
CPU_FREQ_MAPLE,{'y'}
TEST_KASAN,{'y'}
GENERIC_STRNCPY_FROM_USER,{'n'}
MMC_S3C_PIO,{'y'}
QETH_L3,{'y'  'm'}
INLINE_SPIN_UNLOCK_IRQRESTORE,{'y'}
TI_AEMIF,{'y'  'm'}
SERIAL_21285_CONSOLE,{'y'}
PINCTRL_SUN6I_A31,{'y'}
SND_S3C24XX_I2S,{'y'  'm'}
SND_OMAP_SOC_OMAP_ABE_TWL6040,{'y'  'm'}
MMC_S3C_HW_SDIO_IRQ,{'y'}
SENSORS_IBMPOWERNV,{'y'  'm'}
GPIO_OCTEON,{'y'  'm'}
HAVE_IMA_KEXEC,{'y'}
I2C_S3C2410,{'y'  'm'}
DM9000,{'y'  'm'}
QETH_IPV6,{'y'}
BFIN_SIR0,{'y'}
MIPS_EJTAG_FDC_TTY,{'y'}
ARCH_INLINE_WRITE_UNLOCK_IRQ,{'y'}
GPIO_TB10X,{'y'}
KEYBOARD_TEGRA,{'y'  'm'}
UCS2_STRING,{'m'}
OMAP_GPMC,{'y'}
BOOKE_WDT,{'y'  'm'}
ARCH_INLINE_SPIN_TRYLOCK_BH,{'y'}
FB_OMAP2_DSS_DEBUG,{'y'}
FB_OMAP_DMA_TUNE,{'y'}
SERIAL_MUX_CONSOLE,{'y'}
HAVE_DYNAMIC_FTRACE_WITH_REGS,{'n'}
HAVE_SYSCALL_TRACEPOINTS,{'n'}
TOUCHSCREEN_WM97XX_ZYLONITE,{'y'  'm'}
PCIE_XILINX_NWL,{'y'}
ARCH_INLINE_SPIN_UNLOCK_BH,{'y'}
FB_OMAP2_PANEL_SONY_ACX565AKM,{'y'  'm'}
MACE,{'y'  'm'}
PINCTRL_TEGRA_XUSB,{'y'}
ADB,{'y'}
NET_VENDOR_FARADAY,{'y'}
SUNQE,{'y'  'm'}
ARM_TEGRA_DEVFREQ,{'y'  'm'}
DRM_MESON_DW_HDMI,{'y'  'm'}
BLK_DEV_IDE_AU1XXX,{'y'}
FB_OMAP2_PANEL_DPI,{'y'  'm'}
LCD_CORGI,{'y'  'm'}
ARM_CCI_PMU,{'y'}
USB_S3C2410_DEBUG,{'y'}
MTD_NAND_BF5XX,{'y'  'm'}
FSL_DPAA2,{'y'}
PATA_IXP4XX_CF,{'y'  'm'}
TPS65911_COMPARATOR,{'y'  'm'}
PINCTRL_SPEAR300,{'y'}
OMAP2PLUS_MBOX,{'y'  'm'}
FB_G364,{'y'}
FB_BW2,{'y'}
MVEBU_CLK_CPU,{'y'}
CRYPTO_SHA1_SPARC64,{'y'  'm'}
SND_DM6467_SOC_EVM,{'y'  'm'}
PPC_BESTCOMM,{'y'  'm'}
MIPS_GIC,{'y'}
USB_EMXX,{'y'  'm'}
SERIAL_SUNHV,{'y'}
USB_EHCI_HCD_AT91,{'y'  'm'}
SND_SOC_IMX_PCM_FIQ,{'y'  'm'}
SGI_MBCS,{'y'  'm'}
WANT_COMPAT_NETLINK_MESSAGES,{'y'}
CPU_FREQ_PMAC,{'y'}
OMAP_GPMC_DEBUG,{'y'}
PCI_VERSATILE,{'y'}
SERIAL_EFM32_UART_CONSOLE,{'y'}
SERIAL_DZ,{'y'}
ATARI_KBD_CORE,{'y'}
FB_OMAP4_DSS_HDMI,{'y'}
SND_SPARC,{'y'}
SOUND_OSS,{'y'  'm'}
ARCH_THREAD_STACK_ALLOCATOR,{'y'}
VIDEO_BLACKFIN_PPI,{'y'  'm'}
SND_AOA,{'y'  'm'}
ARCH_INLINE_WRITE_UNLOCK,{'y'}
USB_MUSB_SUNXI,{'y'  'm'}
SPI_OCTEON,{'y'  'm'}
ARCH_SUPPORTS_DEFERRED_STRUCT_PAGE_INIT,{'n'}
MTD_SUN_UFLASH,{'y'  'm'}
DRM_EXYNOS_DSI,{'y'}
USB_IMX21_HCD,{'y'  'm'}
PINCTRL_PFC_R8A7794,{'y'}
HAVE_VIRT_CPU_ACCOUNTING,{'y'}
SND_OMAP_SOC_RX51,{'y'  'm'}
QCOM_CLK_RPM,{'y'  'm'}
HAVE_FUTEX_CMPXCHG,{'y'}
SH_LCD_MIPI_DSI,{'y'}
SND_PXA_SOC_SSP,{'y'  'm'}
KEYBOARD_HIL_OLD,{'y'  'm'}
MTD_NAND_FSL_UPM,{'y'  'm'}
PNX4008_WATCHDOG,{'y'  'm'}
TN3215,{'y'}
USB_INVENTRA_DMA,{'y'}
CRYPTO_DEV_NX_ENCRYPT,{'y'  'm'}
DRM_SUN4I_HDMI_CEC,{'y'}
USB_OHCI_BIG_ENDIAN_MMIO,{'y'}
GENERIC_PCI_IOMAP,{'n'}
ARCH_SUPPORTS_DEBUG_PAGEALLOC,{'n'}
SCSI_IBMVSCSIS,{'y'  'm'}
FB_MX3,{'y'  'm'}
LOGO_PARISC_CLUT224,{'y'}
POWER_RESET_VERSATILE,{'y'}
REGULATOR_DB8500_PRCMU,{'y'}
TEGRA_IVC,{'y'}
SCSI_QLOGICPTI,{'y'  'm'}
CRYPTO_SHA1_OCTEON,{'y'  'm'}
PINCTRL_SUN50I_A64,{'y'}
DRM_MEDIATEK,{'y'  'm'}
RT2X00_LIB_SOC,{'y'  'm'}
SND_SOC_ZYLONITE,{'y'  'm'}
GPIO_ZEVIO,{'y'}
PINCTRL_PFC_SH7720,{'y'}
CRYPTO_DEV_TALITOS,{'y'  'm'}
OMAP2_DSS_DSI,{'y'}
IRQ_TIMINGS,{'y'}
BATTERY_JZ4740,{'y'  'm'}
VMLOGRDR,{'y'  'm'}
PINCTRL_PFC_R8A7796,{'y'}
SCSI_CUMANA_1,{'y'  'm'}
KEYBOARD_PXA930_ROTARY,{'y'  'm'}
ADB_PMU_LED,{'y'}
USB_EHCI_EXYNOS,{'y'  'm'}
MMU,{'n'}
SCSI_MAC_ESP,{'y'  'm'}
SH_CPU_FREQ,{'y'  'm'}
ARCH_WEAK_RELEASE_ACQUIRE,{'y'}
HW_RANDOM_XGENE,{'y'  'm'}
MMC_SDHCI_S3C_DMA,{'y'}
PAL,{'y'}
CRYPTO_DEV_SAHARA,{'y'  'm'}
PCI_XGENE,{'y'}
GENERIC_ATOMIC64,{'y'}
ARM_GIC_PM,{'y'}
OPTEE,{'y'  'm'}
USB_OHCI_HCD_DAVINCI,{'y'  'm'}
HW_RANDOM_BCM2835,{'y'  'm'}
EHEA,{'y'  'm'}
CRYPTO_DEV_FSL_CAAM_DEBUG,{'y'}
UX500_WATCHDOG,{'y'  'm'}
BCM47XX_NVRAM,{'y'}
PINCTRL_IMX1,{'y'}
HAVE_MIXED_BREAKPOINTS_REGS,{'n'}
QCOM_WCNSS_PIL,{'y'  'm'}
CRYPTO_DEV_VMX_ENCRYPT,{'y'  'm'}
HAS_DMA,{'n'}
SND_PXA2XX_SOC_EM_X270,{'y'  'm'}
CXL,{'y'  'm'}
KEYBOARD_EP93XX,{'y'  'm'}
OMAP5_DSS_HDMI,{'y'}
FB_XVR2500,{'y'}
SAMPLE_KDB,{'y'}
SND_SOC_BFIN_EVAL_ADAU1X61,{'y'  'm'}
PINCTRL_ZX296718,{'y'}
SCSI_SUNESP,{'y'  'm'}
MCP_SA11X0,{'y'  'm'}
PMAC_SMU,{'y'}
IRQ_WORK,{'n'}
IBM_EMAC_DEBUG,{'y'}
INIT_ALL_POSSIBLE,{'y'}
EXYNOS_IOMMU,{'y'}
PINCTRL_SUN9I_A80,{'y'}
CAN_RCAR_CANFD,{'y'  'm'}
SERIAL_TXX9,{'y'}
HAVE_PERF_EVENTS_NMI,{'n'}
AGP_I460,{'y'  'm'}
MVEBU_DEVBUS,{'y'}
INTEL_IOP_ADMA,{'y'  'm'}
MFD_DAVINCI_VOICECODEC,{'y'  'm'}
PINCTRL_ZYNQ,{'y'}
TEGRA124_EMC,{'y'}
PHY_EXYNOS4210_USB2,{'y'}
QCOM_GLINK_SSR,{'y'  'm'}
SA1100_FIR,{'y'  'm'}
ARCH_TEGRA_124_SOC,{'y'}
PINCTRL_IMX21,{'y'}
ROCKCHIP_DW_HDMI,{'y'}
TOUCHSCREEN_LPC32XX,{'y'  'm'}
DECOMPRESS_BZIP2,{'m'}
HW_RANDOM_OCTEON,{'y'  'm'}
SIR_BFIN_PIO,{'y'}
HAVE_KVM_INVALID_WAKEUPS,{'y'}
PINCTRL_PFC_SH7785,{'y'}
PIC32_DMT,{'y'  'm'}
ARCH_HAS_REFCOUNT,{'n'}
SND_SOC_PCM_SH7760,{'y'  'm'}
FB_SA1100,{'y'}
USB_MUSB_DAVINCI,{'y'  'm'}
CPU_NO_EFFICIENT_FFS,{'y'}
PINCTRL_IMX28,{'y'}
PCI_FTPCI100,{'y'}
PCI_LOCKLESS_CONFIG,{'n'}
DRM_OMAP_ENCODER_TFP410,{'y'  'm'}
ADB_MACII,{'y'}
SND_SOC_PHYCORE_AC97,{'y'  'm'}
GRETH,{'y'  'm'}
SAMPLE_KOBJECT,{'y'}
MFD_ASIC3,{'y'}
ST_THERMAL,{'y'  'm'}
PINCTRL_TZ1090,{'y'}
PCMCIA_SYM53C500,{'y'}
BATTERY_TOSA,{'y'  'm'}
PWM_STI,{'y'  'm'}
INPUT_DM355EVM,{'y'  'm'}
BACKLIGHT_HP700,{'y'  'm'}
FEC_MPC52xx_MDIO,{'y'}
GPIO_DAVINCI,{'y'}
USB_OHCI_HCD_PXA27X,{'y'  'm'}
CEC_PIN,{'y'}
MVEBU_CLK_COREDIV,{'y'}
MX3_IPU,{'y'}
DA_CONSOLE,{'y'}
SCLP_VT220_CONSOLE,{'y'}
USB_EHCI_BIG_ENDIAN_MMIO,{'y'}
BVME6000_NET,{'y'  'm'}
CCWGROUP,{'y'  'm'}
DIAG288_WATCHDOG,{'y'  'm'}
FTMAC100,{'y'  'm'}
ARCH_HAS_CPU_RELAX,{'n'}
MTD_NAND_FSL_IFC,{'y'  'm'}
PCIE_KIRIN,{'y'}
FB_PMAGB_B,{'y'  'm'}
SND_MIPS,{'y'}
ARCH_HAS_CACHE_LINE_SIZE,{'n'}
KIRKWOOD_CLK,{'y'}
SND_SOC_SAMSUNG_H1940_UDA1380,{'y'  'm'}
CLKSRC_IMX_GPT,{'y'}
SERIAL_DZ_CONSOLE,{'y'}
PWM_LPC32XX,{'y'  'm'}
MAC8390,{'y'  'm'}
ARM_PSCI_FW,{'y'}
RTC_DRV_ST_LPC,{'y'  'm'}
WDT_MTX1,{'y'  'm'}
SYS_SUPPORTS_SH_CMT,{'y'}
CAN_FLEXCAN,{'y'  'm'}
COMMON_CLK_AMLOGIC,{'y'}
ARCH_TEGRA_210_SOC,{'y'}
DECOMPRESS_GZIP,{'m'}
PATA_MACIO,{'y'  'm'}
PCMCIA_BCM63XX,{'y'  'm'}
SCLP_OFB,{'y'}
DRM_MALI_DISPLAY,{'y'  'm'}
SCLP_VT220_TTY,{'y'}
GPIO_MXC,{'y'}
STI_CONSOLE,{'y'}
PIC32_WDT,{'y'  'm'}
FB_BF537_LQ035,{'y'  'm'}
OMAP2_DSS_DEBUGFS,{'y'}
SPI_COLDFIRE_QSPI,{'y'  'm'}
SND_SPEAR_SPDIF_OUT,{'y'  'm'}
HOTPLUG_PCI_SGI,{'y'  'm'}
HAVE_DEBUG_STACKOVERFLOW,{'n'}
TI_SCI_PM_DOMAINS,{'y'  'm'}
INGENIC_IRQ,{'y'}
OMAP_REMOTEPROC,{'y'  'm'}
LANTIQ_ETOP,{'y'  'm'}
SSB_DRIVER_MIPS,{'y'}
BCMA_PFLASH,{'y'}
NOUVEAU_PLATFORM_DRIVER,{'y'}
SENSORS_AMS,{'y'  'm'}
RTC_DRV_STARFIRE,{'y'}
SCSI_IBMVFC_TRACE,{'y'}
GENERIC_IRQ_LEGACY_ALLOC_HWIRQ,{'y'}
ARM_GIC_V2M,{'y'}
USB_AT91,{'y'  'm'}
TWL6030_USB,{'y'  'm'}
PCIE_IPROC_BCMA,{'y'  'm'}
XILINX_LL_TEMAC,{'y'  'm'}
SND_HDA_TEGRA,{'y'  'm'}
QCOM_RPROC_COMMON,{'y'  'm'}
PHY_RCAR_GEN2,{'y'  'm'}
REGULATOR_QCOM_SMD_RPM,{'y'  'm'}
FB_WM8505,{'y'}
DRM_SUN8I_MIXER,{'y'  'm'}
CAN_BFIN,{'y'  'm'}
FB_EP93XX,{'y'  'm'}
COMMON_CLK_GXBB,{'y'}
IRQ_EDGE_EOI_HANDLER,{'y'}
PINCTRL_PFC_R8A7740,{'y'}
DRM_IMX_LDB,{'y'  'm'}
SERIAL_BFIN_UART0,{'y'}
CRYPTO_CRC32C_SPARC64,{'y'  'm'}
FB_SBUS,{'y'}
CMT_SPEECH,{'y'  'm'}
R8712_TX_AGGR,{'y'}
EDAC_MPC85XX,{'y'}
TOUCHSCREEN_IPAQ_MICRO,{'y'  'm'}
QCOM_SCM_32,{'y'}
SND_SOC_AU1XI2SC,{'y'  'm'}
TI_EMIF,{'y'  'm'}
MTD_PMC_MSP_EVM,{'y'  'm'}
RTLPHYDM_ST,{'y'}
KEYSTONE_NAVIGATOR_QMSS,{'y'  'm'}
ARCH_HAS_DEBUG_VIRTUAL,{'n'}
SND_OMAP_SOC_OMAP3_PANDORA,{'y'  'm'}
HAVE_MMIOTRACE_SUPPORT,{'n'}
INPUT_PMIC8XXX_PWRKEY,{'y'  'm'}
SND_PXA2XX_SOC_SPITZ,{'y'  'm'}
SERIO_MACEPS2,{'y'  'm'}
SCSI_NCR53C8XX_NO_DISCONNECT,{'y'}
GENERIC_IRQ_PROBE,{'n'}
MMC_CAVIUM_OCTEON,{'y'  'm'}
SND_BF5XX_I2S,{'y'  'm'}
LEDS_COBALT_QUBE,{'y'  'm'}
TILE_SROM,{'y'  'm'}
NVEC_PAZ00,{'y'  'm'}
I2C_HYDRA,{'y'  'm'}
GREYBUS_CAMERA,{'y'  'm'}
PINCTRL_TZ1090_PDC,{'y'}
EDAC_ATOMIC_SCRUB,{'n'}
GPIO_PXA,{'y'}
SRAM_EXEC,{'y'}
SCSI_LASI700,{'y'  'm'}
ARCH_INLINE_WRITE_TRYLOCK,{'y'}
TRACE_IRQFLAGS_SUPPORT,{'n'}
PINCTRL_SPEAR310,{'y'}
ARMADA_XP_CLK,{'y'}
PINCTRL_SUN8I_A33,{'y'}
USB_EHCI_FSL,{'y'  'm'}
PINCTRL_MVEBU,{'y'}
SIGNATURE,{'m'}
SPI_BFIN5XX,{'y'  'm'}
SSB_POSSIBLE,{'n'}
TWL4030_POWER,{'y'}
REGULATOR_AB8500,{'y'}
QETH_L2,{'y'  'm'}
ACPI_MCFG,{'y'}
PWM_OMAP_DMTIMER,{'y'  'm'}
UCC_GETH,{'y'  'm'}
AUDIT_COMPAT_GENERIC,{'y'}
CRYPTO_MD5_SPARC64,{'y'  'm'}
HISILICON_ERRATUM_161010101,{'y'}
SUN3LANCE,{'y'  'm'}
HW_RANDOM_MXC_RNGA,{'y'  'm'}
QCOM_SMEM,{'y'  'm'}
ATMEL_TCB_CLKSRC,{'y'}
MTD_BFIN_ASYNC,{'y'  'm'}
TANGO_IRQ,{'y'}
ARM_GIC_V3_ITS,{'y'}
HIL_MLC,{'y'  'm'}
BLK_DEV_IDEDMA_ICS,{'y'}
SND_SUPERH,{'y'}
FB_LOGO_EXTRA,{'y'}
SAMPLE_TRACE_PRINTK,{'y'}
ROCKCHIP_SARADC,{'y'  'm'}
PINCTRL_AB8505,{'y'}
SND_BF6XX_SOC_I2S,{'y'  'm'}
SERIAL_8250_MT6577,{'y'  'm'}
FB_XILINX,{'y'  'm'}
CRYPTO_DEV_UX500_DEBUG,{'y'}
WATCHDOG_RTAS,{'y'  'm'}
HAVE_GENERIC_GUP,{'n'}
USB_FSL_QE,{'y'  'm'}
ADB_PMU,{'y'}
INLINE_SPIN_LOCK_IRQ,{'y'}
TI_KEYSTONE_NETCP_ETHSS,{'y'  'm'}
USB_OHCI_HCD_AT91,{'y'  'm'}
SERIAL_SAMSUNG_CONSOLE,{'y'}
KEYBOARD_ATKBD_RDI_KEYCODES,{'y'}
MMC_PXA,{'y'  'm'}
ARCH_INLINE_READ_UNLOCK,{'y'}
977_WATCHDOG,{'y'  'm'}
HOSTESS_SV11,{'y'}
SND_POWERPC_SOC,{'y'  'm'}
PIKA_WDT,{'y'  'm'}
USB_PXA25X_SMALL,{'y'}
QCOM_PM8XXX_XOADC,{'y'  'm'}
HWSPINLOCK_OMAP,{'y'  'm'}
MFD_PM8XXX,{'y'  'm'}
ARM_S3C_CPUFREQ,{'y'}
USB_UHCI_PLATFORM,{'y'}
SERIAL_PMACZILOG_TTYS,{'y'}
BFIN_UART1_CTSRTS,{'y'}
DRM_EXYNOS_FIMD,{'y'}
CRYPTO_DEV_IXP4XX,{'y'  'm'}
PCI_MVEBU,{'y'}
RENESAS_IRQC,{'y'}
AB8500_CORE,{'y'}
HAVE_ARCH_HASH,{'y'}
DRM_OMAP_PANEL_SHARP_LS037V7DW01,{'y'  'm'}
INPUT_IXP4XX_BEEPER,{'y'  'm'}
INPUT_M68K_BEEP,{'y'  'm'}
PCIE_DW_EP,{'y'}
GENERIC_STRNLEN_USER,{'n'}
LEDS_PM8058,{'y'  'm'}
PWM_TIEHRPWM,{'y'  'm'}
TOUCHSCREEN_WM97XX_ATMEL,{'y'  'm'}
CRYPTO_DEV_OMAP_AES,{'y'  'm'}
SPI_DAVINCI,{'y'  'm'}
MMC_MXC,{'y'  'm'}
USB_FSL_USB2,{'y'  'm'}
ARM_CCI400_PORT_CTRL,{'y'}
NET_VENDOR_XSCALE,{'y'}
DRM_SUN4I,{'y'  'm'}
SAMPLE_HW_BREAKPOINT,{'y'}
ZFCP,{'y'  'm'}
ATMEL_AIC_IRQ,{'y'}
IBM_EMAC_MAL_CLR_ICINTSTAT,{'y'}
ARM_CCI5xx_PMU,{'y'}
BACKLIGHT_OMAP1,{'y'  'm'}
MTD_MS02NV,{'y'  'm'}
ARCH_SUPPORTS_UPROBES,{'n'}
LEDS_IPAQ_MICRO,{'y'  'm'}
CLKSRC_LPC32XX,{'y'}
ARCH_INLINE_SPIN_UNLOCK_IRQ,{'y'}
CLKSRC_METAG_GENERIC,{'y'}
SND_AOA_FABRIC_LAYOUT,{'y'  'm'}
MACSONIC,{'y'  'm'}
PARPORT_AMIGA,{'y'  'm'}
SERIO_NVEC_PS2,{'y'  'm'}
OMAP_CF,{'y'  'm'}
BINFMT_EM86,{'y'  'm'}
FB_ATMEL,{'y'  'm'}
PCI_DRA7XX,{'y'}
HTC_EGPIO,{'y'}
ARCH_HAS_STRICT_MODULE_RWX,{'n'}
PATA_BF54X,{'y'  'm'}
SERIAL_BFIN_CONSOLE,{'y'}
OPROFILE_NMI_TIMER,{'n'}
SERIAL_BFIN_SPORT2_UART_CTSRTS,{'y'}
PARTITION_PERCPU,{'y'}
FB_CONTROL,{'y'}
MMIOTRACE_TEST,{'y'}
USB_MUSB_DA8XX,{'y'  'm'}
SPI_FSL_ESPI,{'y'  'm'}
PHY_ROCKCHIP_DP,{'y'  'm'}
PCI_XGENE_MSI,{'y'}
MACMACE,{'y'  'm'}
BLK_DEV_UBD_SYNC,{'y'}
MMC_SDHCI_SIRF,{'y'  'm'}
CRYPTO_MD5_PPC,{'y'  'm'}
FB_STI,{'y'  'm'}
PINCTRL_AT91,{'y'}
PINCTRL_TEGRA30,{'y'}
ARM_MVEBU_V7_CPUIDLE,{'y'}
EDAC_CELL,{'y'  'm'}
SND_DA850_SOC_EVM,{'y'  'm'}
PMAC_BACKLIGHT,{'y'}
SND_SOC_SAMSUNG_SIMTEC_HERMES,{'y'  'm'}
CPU_FREQ_PMAC64,{'y'}
ACPI_GENERIC_GSI,{'y'}
TI_CPTS,{'y'}
SEALEVEL_4021,{'y'}
RTC_DRV_PS3,{'y'  'm'}
TN3270_TTY,{'y'  'm'}
PKEY,{'y'  'm'}
STE_DMA40,{'y'}
GENERIC_CMOS_UPDATE,{'n'}
FB_W100,{'y'  'm'}
IBM_EMAC_MAL_COMMON_ERR,{'y'}
RTC_DRV_TX4939,{'y'  'm'}
CLK_TEGRA_BPMP,{'y'}
PINCTRL_NOMADIK,{'y'}
KEYBOARD_NVEC,{'y'  'm'}
BACKLIGHT_HP680,{'y'  'm'}
GPIO_XGENE,{'y'}
FB_MAXINE,{'y'}
GPIO_MVEBU,{'y'}
OMAP_INTERCONNECT,{'y'  'm'}
SENSORS_LTQ_CPUTEMP,{'y'}
PINCTRL_AB9540,{'y'}
TEST_STATIC_KEYS,{'y'}
ARM_BRCMSTB_AVS_CPUFREQ,{'y'  'm'}
PCIE_ALTERA_MSI,{'y'}
PINCTRL_WM8505,{'y'}
SUNVDC,{'y'  'm'}
HAVE_DEBUG_KMEMLEAK,{'n'}
GENERIC_TIME_VSYSCALL_OLD,{'y'}
HAVE_CC_STACKPROTECTOR,{'n'}
ADV7393_1XMEM,{'y'}
ARM_VIC,{'y'}
HW_RANDOM_IXP4XX,{'y'  'm'}
SND_SOC_DB1000,{'y'  'm'}
BINFMT_ELF_FDPIC,{'y'}
LPC_ENET,{'y'  'm'}
ARM_U8500_CPUIDLE,{'y'}
CRYPTO_PAES_S390,{'y'  'm'}
MTD_NAND_SHARPSL,{'y'  'm'}
ARCH_HIBERNATION_POSSIBLE,{'n'}
DRM_TEGRA_STAGING,{'y'}
PINCTRL_TB10X,{'y'}
HPLANCE,{'y'  'm'}
INLINE_SPIN_LOCK_BH,{'y'}
VHOST_SCSI,{'y'}
FB_PXA,{'y'  'm'}
CRYPTO_CRC32C_VPMSUM,{'y'  'm'}
FSL_DPAA,{'y'}
DRM_TILCDC_SLAVE_COMPAT,{'y'}
FB_PLATINUM,{'y'}
VIDEO_IMX_MEDIA,{'y'  'm'}
PINCTRL_BCM2835,{'y'}
MTD_NAND_OMAP_BCH,{'y'}
DRM_ARMADA,{'y'  'm'}
USB_OMAP,{'y'  'm'}
BFIN_MAC_USE_L1,{'y'}
HAS_TXX9_SERIAL,{'y'}
PATA_FTIDE010,{'y'  'm'}
DRM_ARM,{'y'}
SND_SIU_MIGOR,{'y'  'm'}
WINDFARM_RM31,{'y'  'm'}
SERIAL_8250_HP300,{'y'  'm'}
VIDEO_VIU,{'y'  'm'}
OMAP2_DSS_DEBUG,{'y'}
CRYPTO_DEV_FSL_CAAM_AHASH_API,{'y'  'm'}
CRYPTO_ACOMP,{'y'  'm'}
PPC_EPAPR_HV_BYTECHAN,{'y'}
BLK_DEV_IDE_AU1XXX_PIO_DBDMA,{'y'}
ST_SLIM_REMOTEPROC,{'y'  'm'}
PINCTRL_MESON,{'y'}
SND_SUN_AMD7930,{'y'  'm'}
SYSCTL_ARCH_UNALIGN_NO_WARN,{'y'}
CRYPTO_DEV_VMX,{'y'}
RASPBERRYPI_POWER,{'y'}
MOUSE_MAPLE,{'y'  'm'}
RTC_DRV_SUN4V,{'y'}
HAVE_MOD_ARCH_SPECIFIC,{'n'}
QCOM_MDT_LOADER,{'y'  'm'}
PINCTRL_KIRKWOOD,{'y'}
DRM_TEGRA_DEBUG,{'y'}
CRYPTO_SHA512_SPARC64,{'y'  'm'}
SAMPLE_CONFIGFS,{'y'}
PINCTRL_MXS,{'y'}
HAVE_KERNEL_LZMA,{'n'}
GENERIC_IRQ_SHOW,{'n'}
PCMCIA_NINJA_SCSI,{'y'}
GPIO_XGENE_SB,{'y'  'm'}
AR7_WDT,{'y'  'm'}
BLK_DEV_UBD,{'y'}
PINCTRL_WM8850,{'y'}
RTC_DRV_DM355EVM,{'y'  'm'}
SERIAL_ICOM,{'y'  'm'}
AT91_ADC,{'y'  'm'}
MVME147_SCSI,{'y'}
SOUND_MSNDCLAS,{'y'  'm'}
AFIUCV,{'y'  'm'}
LEDS_GPIO_REGISTER,{'y'}
OMAP2_DSS_HDMI_COMMON,{'y'}
ARM_ARCH_TIMER_OOL_WORKAROUND,{'y'}
USB_EHCI_BIG_ENDIAN_DESC,{'y'}
SND_MPC52xx_SOC_PCM030,{'y'  'm'}
SND_BF5XX_SOC_SPORT,{'y'  'm'}
SND_PXA2XX_SOC_POODLE,{'y'  'm'}
MTD_POWERNV_FLASH,{'y'  'm'}
CRYPTO_SHA256_OCTEON,{'y'  'm'}
MVME16x_SCSI,{'y'  'm'}
RTLLIB_CRYPTO_TKIP,{'y'}
HW_RANDOM_S390,{'y'  'm'}
SSB_DRIVER_GIGE,{'y'}
KEYBOARD_PXA27x,{'y'  'm'}
FB_S3C,{'y'  'm'}
HAVE_HARDLOCKUP_DETECTOR_PERF,{'n'}
ARM_S3C24XX_CPUFREQ_IODEBUG,{'y'}
BFIN_MAC,{'y'  'm'}
HW_RANDOM_OMAP,{'y'  'm'}
MCF8390,{'y'  'm'}
PATA_ICSIDE,{'y'  'm'}
UNIPHIER_SYSTEM_BUS,{'y'  'm'}
FB_OMAP5_DSS_HDMI,{'y'}
IBM_EMAC_NO_FLOW_CTRL,{'y'}
SENSORS_VEXPRESS,{'y'  'm'}
SERIAL_AMBA_PL011_CONSOLE,{'y'}
SPI_EFM32,{'y'  'm'}
WINDFARM_PM121,{'y'  'm'}
AHCI_DM816,{'y'  'm'}
MTD_SOLUTIONENGINE,{'y'  'm'}
PPC_PASEMI_CPUFREQ,{'y'}
PINCTRL_GEMINI,{'y'}
VIDEO_OMAP3,{'y'  'm'}
AGP_HP_ZX1,{'y'  'm'}
ARCH_INLINE_READ_LOCK_BH,{'y'}
EDAC_SYNOPSYS,{'y'  'm'}
SND_SOC_UX500_MACH_MOP500,{'y'  'm'}
ROCKCHIP_DW_MIPI_DSI,{'y'}
HVC_OPAL,{'y'}
FB_CG6,{'y'}
QCOM_SCM_64,{'y'}
ARCH_INLINE_WRITE_LOCK_IRQSAVE,{'y'}
DRM_MSM_DSI_20NM_PHY,{'y'}
SND_SGI_O2,{'y'  'm'}
PCI_HOST_THUNDER_ECAM,{'y'}
QE_TDM,{'y'}
RTC_DRV_EFI,{'y'  'm'}
CRYPTO_DEV_TALITOS2,{'y'}
APPLE_AIRPORT,{'y'  'm'}
I2C_POWERMAC,{'y'  'm'}
CRYPTO_DEV_MV_CESA,{'y'  'm'}
OCTEON_ETHERNET,{'y'  'm'}
RTC_DRV_MPC5121,{'y'  'm'}
HAVE_USER_RETURN_NOTIFIER,{'n'}
ST_IRQCHIP,{'y'}
ARCH_MIGHT_HAVE_PC_PARPORT,{'n'}
PINCTRL_PFC_SH73A0,{'y'}
EDAC_OCTEON_PC,{'y'  'm'}
DASD_PROFILE,{'y'}
PCMCIA_ALCHEMY_DEVBOARD,{'y'  'm'}
AMCC_PPC440SPE_ADMA,{'y'  'm'}
SERIAL_HS_LPC32XX_CONSOLE,{'y'}
ARCH_WANT_NUMA_VARIABLE_LOCALITY,{'y'}
SND_SOC_TXX9ACLC_AC97,{'y'  'm'}
SERIAL_PIC32_CONSOLE,{'y'}
REGULATOR_QCOM_RPM,{'y'  'm'}
MOXART_DMA,{'y'  'm'}
ARCH_OPTIONAL_KERNEL_RWX_DEFAULT,{'y'}
PHY_QCOM_IPQ806X_SATA,{'y'  'm'}
SERIAL_MPC52xx,{'y'  'm'}
SND_AOA_SOUNDBUS,{'y'  'm'}
SPARC_US2E_CPUFREQ,{'y'  'm'}
FS_ENET_MDIO_FEC,{'y'  'm'}
MTD_NAND_CM_X270,{'y'  'm'}
PXA_FICP,{'y'  'm'}
TI_SCI_PROTOCOL,{'y'  'm'}
DRM_SUN4I_BACKEND,{'y'  'm'}
SELECT_MEMORY_MODEL,{'n'}
SPI_S3C24XX_FIQ,{'y'}
ADB_PMU_LED_DISK,{'y'}
CLKSRC_STM32,{'y'}
SND_AM33XX_SOC_EVM,{'y'  'm'}
MIPS_JAZZ_SONIC,{'y'  'm'}
KEYBOARD_SNVS_PWRKEY,{'y'  'm'}
IXP4XX_ETH,{'y'  'm'}
SND_SOC_P1022_RDK,{'y'  'm'}
ST_THERMAL_SYSCFG,{'y'  'm'}
MMC_SDHI_INTERNAL_DMAC,{'y'  'm'}
XILINX_EMACLITE,{'y'  'm'}
FTGMAC100,{'y'  'm'}
I2C_MPC,{'y'  'm'}
SERIAL_SUNSU,{'y'  'm'}
JOYSTICK_AMIGA,{'y'  'm'}
SERIAL_MPSC_CONSOLE,{'y'}
MMC_DW_ZX,{'y'  'm'}
SERIAL_BFIN_UART2,{'y'}
PHY_SUN4I_USB,{'y'  'm'}
SYS_SUPPORTS_SH_TMU,{'y'}
MAC89x0,{'y'  'm'}
TEGRA_CLK_EMC,{'y'}
MCP_UCB1200,{'y'  'm'}
HAVE_ARCH_WITHIN_STACK_FRAMES,{'n'}
EDAC_ALTERA_ETHERNET,{'y'}
HW_RANDOM_ATMEL,{'y'  'm'}
DRM_OMAP_CONNECTOR_DVI,{'y'  'm'}
EFI_RTC,{'y'}
PCIE_SPEAR13XX,{'y'}
DRM_IMX_HDMI,{'y'  'm'}
IPMMU_VMSA,{'y'}
SAMPLE_BLACKFIN_GPTIMERS,{'y'  'm'}
SERIAL_BFIN_SPORT3_UART_CTSRTS,{'y'}
OMAP_OCP2SCP,{'y'  'm'}
PCIE_RCAR,{'y'}
PHY_DM816X_USB,{'y'  'm'}
I2C_OMAP,{'y'  'm'}
I2C_PUV3,{'y'  'm'}
CAN_MSCAN,{'y'  'm'}
UIO_FSL_ELBC_GPCM_NETX5152,{'y'}
EDAC_ALTERA_OCRAM,{'y'}
SMC911X,{'y'  'm'}
SAMPLE_KFIFO,{'y'}
SGIWD93_SCSI,{'y'  'm'}
DRM_HDLCD_SHOW_UNDERRUN,{'y'}
LOGO_SUPERH_CLUT224,{'y'}
SERIAL_PXA_NON8250,{'y'}
QCOM_L3_PMU,{'y'}
SAMPLE_LIVEPATCH,{'y'}
SND_OMAP_SOC_AM3517EVM,{'y'  'm'}
RTC,{'y'  'm'}
STM32_WATCHDOG,{'y'  'm'}
I2C_OCTEON,{'y'  'm'}
BFIN_UART0_CTSRTS,{'y'}
RTLLIB_CRYPTO_WEP,{'y'}
NET_VENDOR_TOSHIBA,{'y'}
SERIAL_SUNSAB,{'y'  'm'}
VFIO_SPAPR_EEH,{'y'  'm'}
RTC_DRV_OPAL,{'y'  'm'}
MSP_FLASH_MAP_LIMIT_32M,{'y'}
ARM_ARCH_TIMER_EVTSTREAM,{'y'}
MDIO_MOXART,{'y'  'm'}
FB_CLPS711X_OLD,{'y'  'm'}
PINCTRL_EXYNOS_ARM,{'y'}
I2C_XLR,{'y'  'm'}
X86,{'n'}
FB_XVR1000,{'y'}
IIO_BUFFER_DMA,{'y'  'm'}
SND_SOC_AU1XPSC_I2S,{'y'  'm'}
APM_EMULATION,{'y'  'm'}
SND_SOC_MT8173_RT5650,{'y'  'm'}
GPM1040A0_320X240,{'y'}
USB_CNS3XXX_EHCI,{'y'}
PCMCIA_PXA2XX,{'y'  'm'}
HAVE_ARCH_SECCOMP_FILTER,{'n'}
PINCTRL_ST,{'y'}
PINCTRL_VT8500,{'y'}
ROCKCHIP_IOMMU,{'y'}
MFD_TMIO,{'y'}
SERIAL_MESON,{'y'  'm'}
DRM_MSM_REGISTER_LOGGING,{'y'}
ARM64_ERRATUM_858921,{'y'}
INPUT_SPARCSPKR,{'y'  'm'}
HAVE_IRQ_TIME_ACCOUNTING,{'n'}
SOUND_TRACEINIT,{'y'}
SERIAL_VT8500_CONSOLE,{'y'}
DA_TTY,{'y'}
BINFMT_ZFLAT,{'y'}
AX25_DAMA_MASTER,{'y'}
ACPI_GTDT,{'y'}
ARCH_HAS_FAST_MULTIPLIER,{'n'}
CRYPTO_DEV_FSL_CAAM_CRYPTO_API_DESC,{'y'  'm'}
RESET_TEGRA_BPMP,{'y'}
HAVE_S3C2410_WATCHDOG,{'y'}
INDYDOG,{'y'  'm'}
PINCTRL_PFC_R8A7792,{'y'}
ARM_DT_BL_CPUFREQ,{'y'  'm'}
SOC_INTEGRATOR_CM,{'y'}
DRM_OMAP_PANEL_LGPHILIPS_LB035Q02,{'y'  'm'}
GENERIC_CLOCKEVENTS_MIN_ADJUST,{'n'}
MMC_SDHCI_OF_HLWD,{'y'  'm'}
QCOM_PM,{'y'}
NET_VENDOR_MEDIATEK,{'y'}
SCSI_NCR_D700,{'y'  'm'}
FB_BFIN_LQ035Q1,{'y'  'm'}
ARCH_WANT_HUGE_PMD_SHARE,{'n'}
KEYSTONE_NAVIGATOR_DMA,{'y'  'm'}
SPEAKUP_SYNTH_DECPC,{'y'}
ARCH_HAS_SET_MEMORY,{'n'}
MVME16x_NET,{'y'  'm'}
ARM_ZYNQ_CPUIDLE,{'y'}
NOKIA_MODEM,{'y'  'm'}
SND_SOC_MEDIATEK,{'y'  'm'}
RPMSG_QCOM_GLINK_SMEM,{'y'  'm'}
FB_PROVIDE_GET_FB_UNMAPPED_AREA,{'y'}
USB_UHCI_ASPEED,{'y'}
SND_BF6XX_SOC_SPORT,{'y'  'm'}
MAC_FLOPPY,{'y'  'm'}
I2C_PXA_SLAVE,{'y'}
USB_OHCI_HCD_OMAP3,{'y'  'm'}
SND_SOC_AU1XPSC_AC97,{'y'  'm'}
MTD_UCLINUX,{'y'}
NET_VENDOR_MOXART,{'y'}
FSL_PAMU,{'y'}
SENSORS_S3C,{'y'  'm'}
PCIE_IPROC_MSI,{'y'}
MMC_S3C_DMA,{'y'}
MTD_NAND_S3C2410,{'y'  'm'}
HW_RANDOM_ST,{'y'  'm'}
FB_NUC900,{'y'  'm'}
FB_DA8XX,{'y'  'm'}
RTC_DRV_AU1XXX,{'y'  'm'}
VIDEO_OMAP3_DEBUG,{'y'}
LANTIQ_WDT,{'y'  'm'}
I2C_SH7760,{'y'  'm'}
KEYBOARD_HIL,{'y'  'm'}
SERIAL_SB1250_DUART,{'y'  'm'}
ADB_CUDA,{'y'}
CLKEVT_I8253,{'n'}
RTL8192U,{'y'}
DRM_EXYNOS5433_DECON,{'y'}
CRYPTO_DEV_NX_COMPRESS_PSERIES,{'y'  'm'}
HW_RANDOM_IMX_RNGC,{'y'  'm'}
PINCTRL_PFC_SHX3,{'y'}
PINCTRL_SUN6I_A31_R,{'y'}
ARM_CHARLCD,{'y'}
PHY_QCOM_APQ8064_SATA,{'y'  'm'}
POWERNV_CPUIDLE,{'y'}
FB_OMAP_LCD_H3,{'y'}
SERIAL_NETX,{'y'  'm'}
DW_APB_ICTL,{'y'}
MTD_NAND_S3C2410_DEBUG,{'y'}
SND_PXA910_SOC,{'y'  'm'}
PCIE_ARTPEC6,{'y'}
PINCTRL_AB8500,{'y'}
PIC32_EVIC,{'y'}
ARCH_WANT_GENERAL_HUGETLB,{'n'}
PINCTRL_STN8815,{'y'}
FB_MAC,{'y'}
OMAP_IRQCHIP,{'y'}
SOUND_SB,{'y'  'm'}
HAVE_KVM,{'n'}
RTC_DRV_PL031,{'y'  'm'}
ARCH_HAS_MEM_ENCRYPT,{'n'}
EFI_PCDP,{'y'}
NEED_PER_CPU_EMBED_FIRST_CHUNK,{'n'}
SGI_IOC3_ETH,{'y'}
PWM_ROCKCHIP,{'y'  'm'}
SGI_O2MACE_ETH,{'y'  'm'}
SPI_ATMEL_QUADSPI,{'y'  'm'}
SND_SOC_BFIN_EVAL_ADAU1373,{'y'  'm'}
MMC_SDHCI_TEGRA,{'y'  'm'}
WKUP_M3_RPROC,{'y'  'm'}
SERIAL_AMBA_PL011,{'y'  'm'}
DRM_EXYNOS_VIDI,{'y'}
IIO_BFIN_TMR_TRIGGER,{'y'  'm'}
TI_MESSAGE_MANAGER,{'y'  'm'}
PWM_ATMEL,{'y'  'm'}
ARM_S3C64XX_CPUFREQ,{'y'}
SERIO_AT32PSIF,{'y'  'm'}
SND_DAVINCI_SOC_VCIF,{'y'  'm'}
PATA_AT32,{'y'  'm'}
ARCH_INLINE_SPIN_LOCK_IRQSAVE,{'y'}
UIO_FSL_ELBC_GPCM,{'y'  'm'}
SH_WDT,{'y'  'm'}
RPMSG_QCOM_SMD,{'y'  'm'}
UCC,{'y'}
MMC_SDHCI_BCM_KONA,{'y'  'm'}
ARIADNE,{'y'  'm'}
ARM_BIG_LITTLE_CPUIDLE,{'y'}
USB_EHCI_TEGRA,{'y'  'm'}
TI_CPSW_PHY_SEL,{'y'}
LOGO_MAC_CLUT224,{'y'}
AGP_PARISC,{'y'  'm'}
GENERIC_CPU_VULNERABILITIES,{'n'}
MMP_DISP_CONTROLLER,{'y'}
CRYPTO_MD5_OCTEON,{'y'  'm'}
SND_SGI_HAL2,{'y'  'm'}
ACPI_CPPC_CPUFREQ,{'y'  'm'}
DRM_EXYNOS_G2D,{'y'}
PWM_JZ4740,{'y'  'm'}
HAVE_OPTPROBES,{'n'}
HAVE_RCU_TABLE_INVALIDATE,{'n'}
FB_WMT_GE_ROPS,{'y'}
BFIN_CFPCMCIA,{'y'  'm'}
OF_PCI_IRQ,{'m'}
PCI_ECAM,{'y'}
NET_VENDOR_TUNDRA,{'y'}
PCMCIA_SOC_COMMON,{'y'  'm'}
BROKEN,{'y'}
ARCH_INLINE_WRITE_UNLOCK_IRQRESTORE,{'y'}
MFD_DM355EVM_MSP,{'y'}
SPARC_US3_CPUFREQ,{'y'  'm'}
PHY_MIPHY28LP,{'y'  'm'}
PMAC_APM_EMU,{'y'  'm'}
AVR32_AT32AP_CPUFREQ,{'y'}
HAVE_UNDERSCORE_SYMBOL_PREFIX,{'y'}
SCLP_CONSOLE,{'y'}
FB_GRVGA,{'y'  'm'}
EDAC_THUNDERX,{'y'  'm'}
DRM_SUN4I_HDMI,{'y'  'm'}
MISDN_HFCMULTI_8xx,{'y'}
FB_SH_MOBILE_LCDC,{'y'  'm'}
SERIAL_TILEGX,{'y'  'm'}
RTC_DRV_TWL92330,{'y'}
AB8500_GPADC,{'y'}
I2C_AU1550,{'y'  'm'}
CLK_VEXPRESS_OSC,{'y'}
FB_OMAP2_DSS_DPI,{'y'}
INLINE_WRITE_LOCK_IRQ,{'y'}
STACKTRACE_SUPPORT,{'n'}
SERIAL_CPM,{'y'  'm'}
LOCKDEP_CROSSRELEASE,{'y'}
KEYSTONE_REMOTEPROC,{'y'  'm'}
PHY_DA8XX_USB,{'y'  'm'}
POWER_RESET_IMX,{'y'}
FS_ENET_MPC5121_FEC,{'y'}
NVMEM_SUNXI_SID,{'y'  'm'}
ST_FDMA,{'y'  'm'}
MTD_IXP4XX,{'y'  'm'}
GPIO_XTENSA,{'y'}
MMC_AU1X,{'y'  'm'}
USB_S3C2410,{'y'  'm'}
PINCTRL_PFC_EMEV2,{'y'}
AGP_UNINORTH,{'y'  'm'}
RWSEM_XCHGADD_ALGORITHM,{'n'}
HAVE_OPROFILE,{'n'}
DRM_MSM_DSI_28NM_8960_PHY,{'y'}
PATA_IMX,{'y'  'm'}
PINCTRL_BERLIN_BG2CD,{'y'}
COSA,{'y'}
USB_EHCI_HCD_PMC_MSP,{'y'  'm'}
CLKSRC_ARM_GLOBAL_TIMER_SCHED_CLOCK,{'y'}
SND_DM365_AIC3X_CODEC,{'y'  'm'}
COMMON_CLK_MESON8B,{'y'}
HAVE_IDE,{'n'}
USB_OHCI_HCD_STI,{'y'  'm'}
SERIAL_8250_GSC,{'y'  'm'}
USB_S3C_HSUDC,{'y'  'm'}
EDAC_OCTEON_PCI,{'y'  'm'}
ARM_MEDIATEK_CPUFREQ,{'y'  'm'}
DRM_OMAP_PANEL_SONY_ACX565AKM,{'y'  'm'}
SCSI_IBMVFC,{'y'  'm'}
SPI_AU1550,{'y'  'm'}
SERIAL_SUNSAB_CONSOLE,{'y'}
HAVE_EXIT_THREAD,{'n'}
SND_SOC_FSL_UTILS,{'y'  'm'}
GPIO_LOONGSON,{'y'}
PINCTRL_S3C64XX,{'y'}
DMASOUND_Q40,{'y'  'm'}
BATTERY_COLLIE,{'y'  'm'}
PINCTRL_SUN50I_A64_R,{'y'}
XILINX_INTC,{'y'}
RTC_DRV_MXC,{'y'  'm'}
FB_FM2,{'y'}
HYDRA,{'y'  'm'}
USB_MV_OTG,{'y'  'm'}
SND_DAVINCI_SOC,{'y'  'm'}
MVME147_NET,{'y'  'm'}
PARPORT_GSC,{'y'  'm'}
I2C_IOP3XX,{'y'  'm'}
I2C_TEGRA,{'y'  'm'}
SAMPLE_VFIO_MDEV_MTTY,{'y'}
PCI_DRA7XX_EP,{'y'}
RTL8723BS,{'y'}
USB_MUSB_BLACKFIN,{'y'  'm'}
RTC_DRV_LOONGSON1,{'y'  'm'}
BLK_DEV_IDE_TX4939,{'y'  'm'}
FB_OMAP2_DSS_HDMI_COMMON,{'y'}
FB_S3C2410_DEBUG,{'y'}
SOUND_PRIME,{'y'  'm'}
PXA3XX_GCU,{'y'  'm'}
HAVE_S3C2410_I2C,{'y'}
FSL_USB2_OTG,{'y'}
FB_OMAP2_DEBUG_SUPPORT,{'y'}
POWER_RESET_AT91_RESET,{'y'  'm'}
PXA_DMA,{'y'}
CRYPTO_DEV_SUN4I_SS_PRNG,{'y'}
MIPS_PLATFORM_DEVICES,{'y'}
TIMER_ACPI,{'y'}
ARCH_INLINE_WRITE_LOCK_IRQ,{'y'}
DRM_RCAR_LVDS,{'y'}
FSL_UCC_HDLC,{'y'  'm'}
USB_BCM63XX_UDC,{'y'  'm'}
SERIAL_AMBA_PL010_CONSOLE,{'y'}
DRM_STM_DSI,{'y'  'm'}
PERCPU_TEST,{'y'}
SCSI_OAK1,{'y'  'm'}
SATA_FSL,{'y'  'm'}
RESET_TI_SCI,{'y'  'm'}
BCMA_NFLASH,{'y'}
VIDEO_IMX_CSI,{'y'  'm'}
SERIAL_SIRFSOC,{'y'  'm'}
SERIO_AMBAKMI,{'y'  'm'}
TN3270,{'y'  'm'}
TEST_BPF,{'y'}
TILE_NET,{'y'  'm'}
VFIO_PLATFORM_AMDXGBE_RESET,{'y'  'm'}
TC35815,{'y'  'm'}
DRM_EXYNOS7_DECON,{'y'}
SERIAL_ETRAXFS_CONSOLE,{'y'}
MIPS_EJTAG_FDC_KGDB,{'y'}
VEXPRESS_SYSCFG,{'y'}
ARM_CCI400_PMU,{'y'}
FB_AMIGA_ECS,{'y'}
PINCTRL_DB8500,{'y'}
VFIO_IOMMU_SPAPR_TCE,{'y'  'm'}
8xxx_WDT,{'y'  'm'}
PINCTRL_BF54x,{'y'}
FB_ATARI,{'y'}
PINCTRL_IMX35,{'y'}
DB8500_THERMAL,{'y'  'm'}
SCSI_NCR_Q720,{'y'  'm'}
DRM_RCAR_VSP,{'y'}
MV_XOR_V2,{'y'}
ARM_KIRKWOOD_CPUIDLE,{'y'}
FB_APOLLO,{'y'}
EDAC_ALTERA_NAND,{'y'}
OMAP_IOMMU_DEBUG,{'y'}
VIDEO_OMAP2_VOUT_VRFB,{'y'}
MMC_MVSDIO,{'y'  'm'}
I2C_CADENCE,{'y'  'm'}
NWFLASH,{'y'  'm'}
ARCH_OPTIONAL_KERNEL_RWX,{'y'}
SND_OMAP_SOC,{'y'  'm'}
PINCTRL_PFC_SH7264,{'y'}
BCM7120_L2_IRQ,{'y'}
I2C_BCM_KONA,{'y'  'm'}
FB_CG3,{'y'}
DRM_SHMOBILE,{'y'  'm'}
SUN4I_EMAC,{'y'  'm'}
S390_CCW_IOMMU,{'y'}
MFD_AC100,{'y'  'm'}
SCSI_EESOXSCSI,{'y'  'm'}
REGULATOR_VEXPRESS,{'y'  'm'}
FB_PS3,{'y'  'm'}
SERIAL_SPRD_CONSOLE,{'y'}
FB_PXA_OVERLAY,{'y'}
SND_SOC_AU1XAUDIO,{'y'  'm'}
EEPROM_DIGSY_MTC_CFG,{'y'}
SAMPLE_RPMSG_CLIENT,{'y'}
SPI_BFIN_SPORT,{'y'  'm'}
PINCTRL_ZX,{'y'}
PWM_PUV3,{'y'  'm'}
KS8695_WATCHDOG,{'y'  'm'}
HAVE_FTRACE_MCOUNT_RECORD,{'n'}
DRM_EXYNOS_FIMC,{'y'}
IRQ_MIPS_CPU,{'y'}
DRM_ETNAVIV_THERMAL,{'y'}
OMAP_USB2,{'y'  'm'}
HAVE_PERF_USER_STACK_DUMP,{'n'}
ARM_AM79C961A,{'y'}
DRM_MEDIATEK_HDMI,{'y'  'm'}
INPUT_BFIN_ROTARY,{'y'  'm'}
INPUT_RB532_BUTTON,{'y'  'm'}
PINCTRL_IMX1_CORE,{'y'}
SND_BF5XX_SOC_I2S,{'y'  'm'}
PCMCIA_VRC4173,{'y'  'm'}
DRM_MSM_DSI_14NM_PHY,{'y'}
SAMPLE_STATX,{'y'}
PINCTRL_SUN8I_A23,{'y'}
SRCU,{'n'}
SND_SOC_MX27VIS_AIC32X4,{'y'  'm'}
PCIE_ALTERA,{'y'}
ARCH_HAS_TICK_BROADCAST,{'y'}
ARM_CPUIDLE,{'y'}
MTD_NAND_BRCMNAND,{'y'  'm'}
CLKBLD_I8253,{'n'}
HDQ_MASTER_OMAP,{'y'  'm'}
PINCTRL_SUN8I_H3,{'y'}
ATARI_SCSI,{'y'  'm'}
SERIO_SA1111,{'y'  'm'}
MODULE_REL_CRCS,{'y'}
PHY_HIX5HD2_SATA,{'y'  'm'}
FSL_QMAN_TEST_STASH,{'y'}
USB_LPC32XX,{'y'  'm'}
TWL4030_USB,{'y'  'm'}
BFIN_UART2_CTSRTS,{'y'}
HAVE_ARCH_BITREVERSE,{'y'}
PCI_TEGRA,{'y'}
DA8XX_DDRCTL,{'y'}
DA8XX_REMOTEPROC,{'y'  'm'}
SERIAL_PNX8XXX,{'y'}
OMAP4_DSS_HDMI,{'y'}
FB_OMAP2_DSS_SDI,{'y'}
SENSORS_AMS_I2C,{'y'}
FSL_DPAA2_ETH,{'y'  'm'}
SERIAL_SUNZILOG_CONSOLE,{'y'}
ROCKCHIP_IODOMAIN,{'y'  'm'}
POWER_RESET_HISI,{'y'}
DRM_OMAP_PANEL_NEC_NL8048HL11,{'y'  'm'}
IMX_REMOTEPROC,{'y'  'm'}
MTD_NAND_TXX9NDFMC,{'y'  'm'}
PINCTRL_WM8650,{'y'}
SND_POWERMAC,{'y'  'm'}
MTD_VMU,{'y'  'm'}
LEDS_FSG,{'y'  'm'}
CLPS711X_IRQCHIP,{'y'}
DMA_SUN4I,{'y'  'm'}
TEST_USER_COPY,{'y'}
GPIO_MPC5200,{'y'}
USB_TUSB_OMAP_DMA,{'y'}
TI_SCI_CLK,{'y'  'm'}
MFD_T7L66XB,{'y'}
SERIAL_EARLYCON_ARM_SEMIHOST,{'y'}
